[
  {
    "fields": {
      "action_time": "2023-09-03T19:57:46.880Z",
      "user": 1,
      "content_type": 10,
      "object_id": "1",
      "object_repr": "Bosco",
      "action_flag": 1,
      "change_message": "[{\"added\": {}}]"
    },
    "model": "admin.logentry",
    "pk": 1
  },
  {
    "fields": {
      "action_flag": 3,
      "action_time": "2023-09-03T20:00:48.073Z",
      "change_message": "",
      "content_type": 10,
      "object_id": "1",
      "object_repr": "Bosco",
      "user": 1
    },
    "model": "admin.logentry",
    "pk": 2
  },
  {
    "fields": {
      "action_time": "2023-09-03T20:05:16.916Z",
      "user": 1,
      "content_type": 10,
      "object_id": "2",
      "object_repr": "Ceske Budejovice",
      "action_flag": 1,
      "change_message": "[{\"added\": {}}]"
    },
    "model": "admin.logentry",
    "pk": 3
  },
  {
    "fields": {
      "action_time": "2023-09-03T20:07:58.207Z",
      "user": 1,
      "content_type": 10,
      "object_id": "3",
      "object_repr": "Stare Hodejovice",
      "action_flag": 1,
      "change_message": "[{\"added\": {}}]"
    },
    "model": "admin.logentry",
    "pk": 4
  },
  {
    "fields": {
      "action_flag": 1,
      "action_time": "2023-09-04T12:28:56.243Z",
      "change_message": "[{\"added\": {}}]",
      "content_type": 11,
      "object_id": "1",
      "object_repr": "Ceske Budejovice - Stare Hodejovice",
      "user": 1
    },
    "model": "admin.logentry",
    "pk": 5
  },
  {
    "model": "admin.logentry",
    "pk": 6,
    "fields": {
      "action_time": "2023-09-04T12:29:25.860Z",
      "user": 1,
      "content_type": 11,
      "object_id": "1",
      "object_repr": "Ceske Budejovice - Stare Hodejovice",
      "action_flag": 3,
      "change_message": ""
    }
  },
  {
    "model": "admin.logentry",
    "pk": 7,
    "fields": {
      "action_time": "2023-09-04T12:29:30.350Z",
      "user": 1,
      "content_type": 11,
      "object_id": "2",
      "object_repr": "Ceske Budejovice - Stare Hodejovice",
      "action_flag": 1,
      "change_message": "[{\"added\": {}}]"
    }
  },
  {
    "model": "admin.logentry",
    "pk": 8,
    "fields": {
      "action_time": "2023-09-04T12:29:37.755Z",
      "user": 1,
      "content_type": 11,
      "object_id": "2",
      "object_repr": "Ceske Budejovice - Stare Hodejovice",
      "action_flag": 3,
      "change_message": ""
    }
  },
  {
    "model": "admin.logentry",
    "pk": 9,
    "fields": {
      "action_time": "2023-09-04T12:36:40.157Z",
      "user": 1,
      "content_type": 11,
      "object_id": "3",
      "object_repr": "Ceske Budejovice - Stare Hodejovice",
      "action_flag": 1,
      "change_message": "[{\"added\": {}}]"
    }
  },
  {
    "model": "admin.logentry",
    "pk": 10,
    "fields": {
      "action_time": "2023-09-04T12:40:12.201Z",
      "user": 1,
      "content_type": 11,
      "object_id": "3",
      "object_repr": "Ceske Budejovice - Stare Hodejovice",
      "action_flag": 3,
      "change_message": ""
    }
  },
  {
    "model": "admin.logentry",
    "pk": 11,
    "fields": {
      "action_time": "2023-09-04T12:42:15.783Z",
      "user": 1,
      "content_type": 10,
      "object_id": "2",
      "object_repr": "Ceske Budejovice",
      "action_flag": 2,
      "change_message": "[{\"changed\": {\"fields\": [\"Coordinate\"]}}]"
    }
  },
  {
    "model": "admin.logentry",
    "pk": 12,
    "fields": {
      "action_time": "2023-09-04T12:42:51.188Z",
      "user": 1,
      "content_type": 10,
      "object_id": "3",
      "object_repr": "Stare Hodejovice",
      "action_flag": 2,
      "change_message": "[{\"changed\": {\"fields\": [\"Coordinate\"]}}]"
    }
  },
  {
    "model": "admin.logentry",
    "pk": 13,
    "fields": {
      "action_time": "2023-09-04T12:43:13.905Z",
      "user": 1,
      "content_type": 10,
      "object_id": "3",
      "object_repr": "Stare Hodejovice",
      "action_flag": 2,
      "change_message": "[{\"changed\": {\"fields\": [\"Coordinate\"]}}]"
    }
  },
  {
    "model": "admin.logentry",
    "pk": 14,
    "fields": {
      "action_time": "2023-09-04T12:45:16.921Z",
      "user": 1,
      "content_type": 10,
      "object_id": "2",
      "object_repr": "Ceske Budejovice",
      "action_flag": 2,
      "change_message": "[{\"changed\": {\"fields\": [\"Coordinate\"]}}]"
    }
  },
  {
    "model": "admin.logentry",
    "pk": 15,
    "fields": {
      "action_time": "2023-09-04T12:45:33.224Z",
      "user": 1,
      "content_type": 10,
      "object_id": "3",
      "object_repr": "Stare Hodejovice",
      "action_flag": 2,
      "change_message": "[{\"changed\": {\"fields\": [\"Coordinate\"]}}]"
    }
  },
  {
    "model": "admin.logentry",
    "pk": 16,
    "fields": {
      "action_time": "2023-09-04T12:49:26.752Z",
      "user": 1,
      "content_type": 11,
      "object_id": "4",
      "object_repr": "Ceske Budejovice - Stare Hodejovice",
      "action_flag": 1,
      "change_message": "[{\"added\": {}}]"
    }
  },
  {
    "model": "admin.logentry",
    "pk": 17,
    "fields": {
      "action_time": "2023-09-04T13:09:15.329Z",
      "user": 1,
      "content_type": 10,
      "object_id": "2",
      "object_repr": "Ceske Budejovice",
      "action_flag": 2,
      "change_message": "[{\"changed\": {\"fields\": [\"Coordinate\"]}}]"
    }
  },
  {
    "model": "admin.logentry",
    "pk": 18,
    "fields": {
      "action_time": "2023-09-04T13:09:44.337Z",
      "user": 1,
      "content_type": 10,
      "object_id": "3",
      "object_repr": "Stare Hodejovice",
      "action_flag": 2,
      "change_message": "[{\"changed\": {\"fields\": [\"Coordinate\"]}}]"
    }
  },
  {
    "model": "admin.logentry",
    "pk": 19,
    "fields": {
      "action_time": "2023-09-04T13:10:03.584Z",
      "user": 1,
      "content_type": 10,
      "object_id": "4",
      "object_repr": "Gmund",
      "action_flag": 1,
      "change_message": "[{\"added\": {}}]"
    }
  },
  {
    "model": "admin.logentry",
    "pk": 20,
    "fields": {
      "action_time": "2023-09-04T13:10:16.525Z",
      "user": 1,
      "content_type": 11,
      "object_id": "4",
      "object_repr": "Ceske Budejovice - Stare Hodejovice",
      "action_flag": 3,
      "change_message": ""
    }
  },
  {
    "model": "admin.logentry",
    "pk": 21,
    "fields": {
      "action_time": "2023-09-04T13:10:21.944Z",
      "user": 1,
      "content_type": 11,
      "object_id": "5",
      "object_repr": "Ceske Budejovice - Stare Hodejovice",
      "action_flag": 1,
      "change_message": "[{\"added\": {}}]"
    }
  },
  {
    "model": "admin.logentry",
    "pk": 22,
    "fields": {
      "action_time": "2023-09-04T13:10:28.402Z",
      "user": 1,
      "content_type": 11,
      "object_id": "6",
      "object_repr": "Ceske Budejovice - Gmund",
      "action_flag": 1,
      "change_message": "[{\"added\": {}}]"
    }
  },
  {
    "model": "admin.logentry",
    "pk": 23,
    "fields": {
      "action_time": "2023-09-04T13:10:36.367Z",
      "user": 1,
      "content_type": 11,
      "object_id": "7",
      "object_repr": "Stare Hodejovice - Gmund",
      "action_flag": 1,
      "change_message": "[{\"added\": {}}]"
    }
  },
  {
    "model": "admin.logentry",
    "pk": 24,
    "fields": {
      "action_time": "2023-09-04T17:30:55.201Z",
      "user": 1,
      "content_type": 9,
      "object_id": "1",
      "object_repr": "WC",
      "action_flag": 1,
      "change_message": "[{\"added\": {}}]"
    }
  },
  {
    "model": "admin.logentry",
    "pk": 25,
    "fields": {
      "action_time": "2023-09-04T17:30:59.758Z",
      "user": 1,
      "content_type": 9,
      "object_id": "2",
      "object_repr": "WIFI",
      "action_flag": 1,
      "change_message": "[{\"added\": {}}]"
    }
  },
  {
    "model": "admin.logentry",
    "pk": 26,
    "fields": {
      "action_time": "2023-09-04T17:31:10.789Z",
      "user": 1,
      "content_type": 7,
      "object_id": "1",
      "object_repr": "SuperCity Pendolino",
      "action_flag": 1,
      "change_message": "[{\"added\": {}}]"
    }
  },
  {
    "model": "admin.logentry",
    "pk": 27,
    "fields": {
      "action_time": "2023-09-04T17:31:45.100Z",
      "user": 1,
      "content_type": 8,
      "object_id": "1",
      "object_repr": "Ceske Budejovice - Cesky Krumlov",
      "action_flag": 1,
      "change_message": "[{\"added\": {}}]"
    }
  },
  {
    "model": "admin.logentry",
    "pk": 28,
    "fields": {
      "action_time": "2023-09-05T19:52:27.168Z",
      "user": 1,
      "content_type": 12,
      "object_id": "1",
      "object_repr": "Mark Stark",
      "action_flag": 1,
      "change_message": "[{\"added\": {}}]"
    }
  },
  {
    "model": "admin.logentry",
    "pk": 29,
    "fields": {
      "action_time": "2023-09-05T19:52:40.315Z",
      "user": 1,
      "content_type": 12,
      "object_id": "1",
      "object_repr": "Mark Stark",
      "action_flag": 2,
      "change_message": "[{\"changed\": {\"fields\": [\"Position\"]}}]"
    }
  },
  {
    "model": "admin.logentry",
    "pk": 30,
    "fields": {
      "action_time": "2023-09-05T19:53:04.071Z",
      "user": 1,
      "content_type": 12,
      "object_id": "2",
      "object_repr": "Taras Johns",
      "action_flag": 1,
      "change_message": "[{\"added\": {}}]"
    }
  },
  {
    "model": "admin.logentry",
    "pk": 31,
    "fields": {
      "action_time": "2023-09-05T19:54:09.530Z",
      "user": 1,
      "content_type": 8,
      "object_id": "2",
      "object_repr": "Ceske Budejovice - Gmund",
      "action_flag": 1,
      "change_message": "[{\"added\": {}}]"
    }
  },
  {
    "model": "admin.logentry",
    "pk": 32,
    "fields": {
      "action_time": "2023-09-05T19:55:16.967Z",
      "user": 1,
      "content_type": 13,
      "object_id": "1",
      "object_repr": "Ceske Budejovice - Gmund",
      "action_flag": 1,
      "change_message": "[{\"added\": {}}]"
    }
  },
  {
    "model": "admin.logentry",
    "pk": 33,
    "fields": {
      "action_time": "2023-09-05T19:55:34.263Z",
      "user": 1,
      "content_type": 13,
      "object_id": "1",
      "object_repr": "Ceske Budejovice - Gmund",
      "action_flag": 3,
      "change_message": ""
    }
  },
  {
    "model": "admin.logentry",
    "pk": 34,
    "fields": {
      "action_time": "2023-09-05T19:56:01.467Z",
      "user": 1,
      "content_type": 13,
      "object_id": "2",
      "object_repr": "Ceske Budejovice - Gmund",
      "action_flag": 1,
      "change_message": "[{\"added\": {}}]"
    }
  },
  {
    "model": "admin.logentry",
    "pk": 35,
    "fields": {
      "action_time": "2023-09-05T19:58:19.761Z",
      "user": 1,
      "content_type": 13,
      "object_id": "3",
      "object_repr": "Ceske Budejovice - Gmund",
      "action_flag": 1,
      "change_message": "[{\"added\": {}}]"
    }
  },
  {
    "model": "admin.logentry",
    "pk": 36,
    "fields": {
      "action_time": "2023-09-05T20:00:16.167Z",
      "user": 1,
      "content_type": 13,
      "object_id": "2",
      "object_repr": "Ceske Budejovice - Gmund",
      "action_flag": 3,
      "change_message": ""
    }
  },
  {
    "model": "admin.logentry",
    "pk": 37,
    "fields": {
      "action_time": "2023-09-05T20:00:16.170Z",
      "user": 1,
      "content_type": 13,
      "object_id": "3",
      "object_repr": "Ceske Budejovice - Gmund",
      "action_flag": 3,
      "change_message": ""
    }
  },
  {
    "model": "admin.logentry",
    "pk": 38,
    "fields": {
      "action_time": "2023-09-05T20:25:33.915Z",
      "user": 1,
      "content_type": 10,
      "object_id": "2",
      "object_repr": "Ceske Budejovice",
      "action_flag": 2,
      "change_message": "[{\"changed\": {\"fields\": [\"Stop time\"]}}]"
    }
  },
  {
    "model": "admin.logentry",
    "pk": 39,
    "fields": {
      "action_time": "2023-09-05T20:25:40.939Z",
      "user": 1,
      "content_type": 10,
      "object_id": "4",
      "object_repr": "Gmund",
      "action_flag": 2,
      "change_message": "[{\"changed\": {\"fields\": [\"Stop time\"]}}]"
    }
  },
  {
    "model": "admin.logentry",
    "pk": 40,
    "fields": {
      "action_time": "2023-09-05T20:26:02.624Z",
      "user": 1,
      "content_type": 10,
      "object_id": "3",
      "object_repr": "Stare Hodejovice",
      "action_flag": 2,
      "change_message": "[{\"changed\": {\"fields\": [\"Stop time\"]}}]"
    }
  },
  {
    "model": "admin.logentry",
    "pk": 41,
    "fields": {
      "action_time": "2023-09-05T20:26:06.904Z",
      "user": 1,
      "content_type": 10,
      "object_id": "5",
      "object_repr": "Český Krumlov",
      "action_flag": 2,
      "change_message": "[{\"changed\": {\"fields\": [\"Stop time\"]}}]"
    }
  },
  {
    "model": "admin.logentry",
    "pk": 42,
    "fields": {
      "action_time": "2023-09-05T20:26:35.593Z",
      "user": 1,
      "content_type": 11,
      "object_id": "6",
      "object_repr": "Ceske Budejovice - Gmund",
      "action_flag": 2,
      "change_message": "[{\"changed\": {\"fields\": [\"Stop station\"]}}]"
    }
  },
  {
    "model": "admin.logentry",
    "pk": 43,
    "fields": {
      "action_time": "2023-09-05T20:39:56.314Z",
      "user": 1,
      "content_type": 13,
      "object_id": "4",
      "object_repr": "Ceske Budejovice - Gmund",
      "action_flag": 1,
      "change_message": "[{\"added\": {}}]"
    }
  },
  {
    "model": "admin.logentry",
    "pk": 44,
    "fields": {
      "action_time": "2023-09-05T20:40:25.282Z",
      "user": 1,
      "content_type": 13,
      "object_id": "4",
      "object_repr": "Ceske Budejovice - Gmund",
      "action_flag": 3,
      "change_message": ""
    }
  },
  {
    "model": "admin.logentry",
    "pk": 45,
    "fields": {
      "action_time": "2023-09-05T20:40:38.234Z",
      "user": 1,
      "content_type": 13,
      "object_id": "5",
      "object_repr": "Ceske Budejovice - Gmund",
      "action_flag": 1,
      "change_message": "[{\"added\": {}}]"
    }
  },
  {
    "model": "admin.logentry",
    "pk": 46,
    "fields": {
      "action_time": "2023-09-05T20:41:22.603Z",
      "user": 1,
      "content_type": 13,
      "object_id": "5",
      "object_repr": "Ceske Budejovice - Gmund",
      "action_flag": 3,
      "change_message": ""
    }
  },
  {
    "model": "admin.logentry",
    "pk": 47,
    "fields": {
      "action_time": "2023-09-05T21:14:33.312Z",
      "user": 1,
      "content_type": 13,
      "object_id": "6",
      "object_repr": "Stare Hodejovice - Gmund",
      "action_flag": 1,
      "change_message": "[{\"added\": {}}]"
    }
  },
  {
    "model": "admin.logentry",
    "pk": 48,
    "fields": {
      "action_time": "2023-09-05T21:14:43.454Z",
      "user": 1,
      "content_type": 13,
      "object_id": "6",
      "object_repr": "Stare Hodejovice - Gmund",
      "action_flag": 3,
      "change_message": ""
    }
  },
  {
    "model": "admin.logentry",
    "pk": 49,
    "fields": {
      "action_time": "2023-09-06T07:10:28.435Z",
      "user": 1,
      "content_type": 13,
      "object_id": "7",
      "object_repr": "Ceske Budejovice - Gmund",
      "action_flag": 1,
      "change_message": "[{\"added\": {}}]"
    }
  },
  {
    "model": "admin.logentry",
    "pk": 50,
    "fields": {
      "action_time": "2023-09-06T07:10:33.881Z",
      "user": 1,
      "content_type": 13,
      "object_id": "7",
      "object_repr": "Ceske Budejovice - Gmund",
      "action_flag": 3,
      "change_message": ""
    }
  },
  {
    "model": "admin.logentry",
    "pk": 51,
    "fields": {
      "action_time": "2023-09-06T07:13:08.905Z",
      "user": 1,
      "content_type": 13,
      "object_id": "8",
      "object_repr": "Ceske Budejovice - Gmund",
      "action_flag": 1,
      "change_message": "[{\"added\": {}}]"
    }
  },
  {
    "model": "admin.logentry",
    "pk": 52,
    "fields": {
      "action_time": "2023-09-06T07:13:45.095Z",
      "user": 1,
      "content_type": 13,
      "object_id": "8",
      "object_repr": "Ceske Budejovice - Gmund",
      "action_flag": 3,
      "change_message": ""
    }
  },
  {
    "model": "admin.logentry",
    "pk": 53,
    "fields": {
      "action_time": "2023-09-06T07:14:02.653Z",
      "user": 1,
      "content_type": 13,
      "object_id": "9",
      "object_repr": "Ceske Budejovice - Gmund",
      "action_flag": 1,
      "change_message": "[{\"added\": {}}]"
    }
  },
  {
    "model": "admin.logentry",
    "pk": 54,
    "fields": {
      "action_time": "2023-09-06T07:14:32.358Z",
      "user": 1,
      "content_type": 14,
      "object_id": "1",
      "object_repr": "2023-09-06 07:14:32.355801+00:00",
      "action_flag": 1,
      "change_message": "[{\"added\": {}}]"
    }
  },
  {
    "model": "admin.logentry",
    "pk": 55,
    "fields": {
      "action_time": "2023-09-06T07:19:37.986Z",
      "user": 1,
      "content_type": 15,
      "object_id": "1",
      "object_repr": "Ceske Budejovice - Gmund (cargo: 2, seat: 3)",
      "action_flag": 1,
      "change_message": "[{\"added\": {}}]"
    }
  },
  {
    "model": "admin.logentry",
    "pk": 56,
    "fields": {
      "action_time": "2023-09-06T21:18:57.044Z",
      "user": 1,
      "content_type": 14,
      "object_id": "2",
      "object_repr": "2023-09-06 21:18:57.042937+00:00",
      "action_flag": 1,
      "change_message": "[{\"added\": {}}]"
    }
  },
  {
    "model": "admin.logentry",
    "pk": 57,
    "fields": {
      "action_time": "2023-09-06T21:19:00.943Z",
      "user": 1,
      "content_type": 14,
      "object_id": "3",
      "object_repr": "2023-09-06 21:19:00.941856+00:00",
      "action_flag": 1,
      "change_message": "[{\"added\": {}}]"
    }
  },
  {
    "model": "admin.logentry",
    "pk": 58,
    "fields": {
      "action_time": "2023-09-06T21:19:04.340Z",
      "user": 1,
      "content_type": 14,
      "object_id": "4",
      "object_repr": "2023-09-06 21:19:04.339138+00:00",
      "action_flag": 1,
      "change_message": "[{\"added\": {}}]"
    }
  },
  {
    "model": "admin.logentry",
    "pk": 59,
    "fields": {
      "action_time": "2023-09-07T06:24:54.199Z",
      "user": 1,
      "content_type": 15,
      "object_id": "2",
      "object_repr": "Ceske Budejovice - Gmund (cargo: 4, seat: 11)",
      "action_flag": 1,
      "change_message": "[{\"added\": {}}]"
    }
  },
  {
    "model": "admin.logentry",
    "pk": 60,
    "fields": {
      "action_time": "2023-09-07T20:28:16.380Z",
      "user": 1,
      "content_type": 13,
      "object_id": "10",
      "object_repr": "Ceske Budejovice - Stare Hodejovice",
      "action_flag": 1,
      "change_message": "[{\"added\": {}}]"
    }
  },
  {
    "model": "admin.logentry",
    "pk": 61,
    "fields": {
      "action_time": "2023-09-08T21:02:47.387Z",
      "user": 1,
      "content_type": 14,
      "object_id": "7",
      "object_repr": "2023-09-07 20:57:21.053442+00:00",
      "action_flag": 3,
      "change_message": ""
    }
  },
  {
    "model": "admin.logentry",
    "pk": 62,
    "fields": {
      "action_time": "2023-09-08T21:02:47.390Z",
      "user": 1,
      "content_type": 14,
      "object_id": "6",
      "object_repr": "2023-09-07 20:52:34.671831+00:00",
      "action_flag": 3,
      "change_message": ""
    }
  },
  {
    "model": "admin.logentry",
    "pk": 63,
    "fields": {
      "action_time": "2023-09-08T21:02:47.391Z",
      "user": 1,
      "content_type": 14,
      "object_id": "5",
      "object_repr": "2023-09-07 20:49:32.662156+00:00",
      "action_flag": 3,
      "change_message": ""
    }
  },
  {
    "model": "admin.logentry",
    "pk": 64,
    "fields": {
      "action_time": "2023-09-08T21:02:47.392Z",
      "user": 1,
      "content_type": 14,
      "object_id": "4",
      "object_repr": "2023-09-06 21:19:04.339138+00:00",
      "action_flag": 3,
      "change_message": ""
    }
  },
  {
    "model": "admin.logentry",
    "pk": 65,
    "fields": {
      "action_time": "2023-09-08T21:02:47.392Z",
      "user": 1,
      "content_type": 14,
      "object_id": "3",
      "object_repr": "2023-09-06 21:19:00.941856+00:00",
      "action_flag": 3,
      "change_message": ""
    }
  },
  {
    "model": "admin.logentry",
    "pk": 66,
    "fields": {
      "action_time": "2023-09-08T21:02:47.393Z",
      "user": 1,
      "content_type": 14,
      "object_id": "2",
      "object_repr": "2023-09-06 21:18:57.042937+00:00",
      "action_flag": 3,
      "change_message": ""
    }
  },
  {
    "model": "admin.logentry",
    "pk": 67,
    "fields": {
      "action_time": "2023-09-08T21:02:47.394Z",
      "user": 1,
      "content_type": 14,
      "object_id": "1",
      "object_repr": "2023-09-06 07:14:32.355801+00:00",
      "action_flag": 3,
      "change_message": ""
    }
  },
  {
    "model": "admin.logentry",
    "pk": 68,
    "fields": {
      "action_time": "2023-09-08T21:02:55.687Z",
      "user": 1,
      "content_type": 14,
      "object_id": "8",
      "object_repr": "2023-09-08 21:02:55.686381+00:00",
      "action_flag": 1,
      "change_message": "[{\"added\": {}}]"
    }
  },
  {
    "model": "admin.logentry",
    "pk": 69,
    "fields": {
      "action_time": "2023-09-08T21:03:26.632Z",
      "user": 1,
      "content_type": 14,
      "object_id": "8",
      "object_repr": "2023-09-08 21:02:55.686381+00:00",
      "action_flag": 3,
      "change_message": ""
    }
  },
  {
    "model": "admin.logentry",
    "pk": 70,
    "fields": {
      "action_time": "2023-09-08T21:23:25.326Z",
      "user": 1,
      "content_type": 16,
      "object_id": "1",
      "object_repr": "Payment #1: PAID PAYMENT for ticket #11",
      "action_flag": 3,
      "change_message": ""
    }
  },
  {
    "model": "admin.logentry",
    "pk": 71,
    "fields": {
      "action_time": "2023-09-08T21:23:33.985Z",
      "user": 1,
      "content_type": 14,
      "object_id": "11",
      "object_repr": "2023-09-08 21:18:01.877099+00:00",
      "action_flag": 3,
      "change_message": ""
    }
  },
  {
    "model": "admin.logentry",
    "pk": 72,
    "fields": {
      "action_time": "2023-09-08T21:28:39.247Z",
      "user": 1,
      "content_type": 16,
      "object_id": "4",
      "object_repr": "Payment #4: PENDING PAYMENT for ticket #14",
      "action_flag": 3,
      "change_message": ""
    }
  },
  {
    "model": "admin.logentry",
    "pk": 73,
    "fields": {
      "action_time": "2023-09-08T21:28:39.251Z",
      "user": 1,
      "content_type": 16,
      "object_id": "3",
      "object_repr": "Payment #3: PENDING PAYMENT for ticket #13",
      "action_flag": 3,
      "change_message": ""
    }
  },
  {
    "model": "admin.logentry",
    "pk": 74,
    "fields": {
      "action_time": "2023-09-08T21:28:39.253Z",
      "user": 1,
      "content_type": 16,
      "object_id": "2",
      "object_repr": "Payment #2: PENDING PAYMENT for ticket #12",
      "action_flag": 3,
      "change_message": ""
    }
  },
  {
    "model": "admin.logentry",
    "pk": 75,
    "fields": {
      "action_time": "2023-09-08T21:28:45.747Z",
      "user": 1,
      "content_type": 14,
      "object_id": "14",
      "object_repr": "2023-09-08 21:26:23.345587+00:00",
      "action_flag": 3,
      "change_message": ""
    }
  },
  {
    "model": "admin.logentry",
    "pk": 76,
    "fields": {
      "action_time": "2023-09-08T21:28:45.749Z",
      "user": 1,
      "content_type": 14,
      "object_id": "13",
      "object_repr": "2023-09-08 21:26:13.455196+00:00",
      "action_flag": 3,
      "change_message": ""
    }
  },
  {
    "model": "admin.logentry",
    "pk": 77,
    "fields": {
      "action_time": "2023-09-08T21:28:45.750Z",
      "user": 1,
      "content_type": 14,
      "object_id": "12",
      "object_repr": "2023-09-08 21:26:04.597908+00:00",
      "action_flag": 3,
      "change_message": ""
    }
  },
  {
    "model": "admin.logentry",
    "pk": 78,
    "fields": {
      "action_time": "2023-09-08T21:54:55.943Z",
      "user": 1,
      "content_type": 6,
      "object_id": "2",
      "object_repr": "godspeed.you.black1849@gmail.com",
      "action_flag": 1,
      "change_message": "[{\"added\": {}}]"
    }
  },
  {
    "model": "admin.logentry",
    "pk": 79,
    "fields": {
      "action_time": "2023-09-08T21:55:24.507Z",
      "user": 1,
      "content_type": 6,
      "object_id": "2",
      "object_repr": "godspeed.you.black1849@gmail.com",
      "action_flag": 2,
      "change_message": "[{\"changed\": {\"fields\": [\"First name\", \"Last name\"]}}]"
    }
  },
  {
    "model": "admin.logentry",
    "pk": 80,
    "fields": {
      "action_time": "2023-09-09T19:18:05.411Z",
      "user": 1,
      "content_type": 6,
      "object_id": "2",
      "object_repr": "bythewaters800@gmail.com",
      "action_flag": 2,
      "change_message": "[{\"changed\": {\"fields\": [\"Email address\"]}}]"
    }
  },
  {
    "model": "admin.logentry",
    "pk": 81,
    "fields": {
      "action_time": "2023-09-09T19:18:26.306Z",
      "user": 1,
      "content_type": 14,
      "object_id": "15",
      "object_repr": "2023-09-08 21:29:53.428192+00:00",
      "action_flag": 3,
      "change_message": ""
    }
  },
  {
    "model": "admin.logentry",
    "pk": 82,
    "fields": {
      "action_time": "2023-09-09T19:45:53.438Z",
      "user": 1,
      "content_type": 16,
      "object_id": "6",
      "object_repr": "Payment #6: PAID PAYMENT for ticket #19",
      "action_flag": 3,
      "change_message": ""
    }
  },
  {
    "model": "admin.logentry",
    "pk": 83,
    "fields": {
      "action_time": "2023-09-09T19:46:01.804Z",
      "user": 1,
      "content_type": 14,
      "object_id": "19",
      "object_repr": "2023-09-09 19:44:03.498565+00:00",
      "action_flag": 3,
      "change_message": ""
    }
  },
  {
    "model": "admin.logentry",
    "pk": 84,
    "fields": {
      "action_time": "2023-09-09T19:47:15.449Z",
      "user": 1,
      "content_type": 14,
      "object_id": "20",
      "object_repr": "2023-09-09 19:47:15.448548+00:00",
      "action_flag": 1,
      "change_message": "[{\"added\": {}}]"
    }
  },
  {
    "model": "admin.logentry",
    "pk": 85,
    "fields": {
      "action_time": "2023-09-09T19:47:31.356Z",
      "user": 1,
      "content_type": 15,
      "object_id": "19",
      "object_repr": "Ceske Budejovice - Gmund (cargo: 1, seat: 1)",
      "action_flag": 1,
      "change_message": "[{\"added\": {}}]"
    }
  },
  {
    "model": "admin.logentry",
    "pk": 86,
    "fields": {
      "action_time": "2023-09-09T19:48:02.172Z",
      "user": 1,
      "content_type": 14,
      "object_id": "20",
      "object_repr": "2023-09-09 19:47:15.448548+00:00",
      "action_flag": 3,
      "change_message": ""
    }
  },
  {
    "model": "admin.logentry",
    "pk": 87,
    "fields": {
      "action_time": "2023-09-09T19:52:48.319Z",
      "user": 1,
      "content_type": 16,
      "object_id": "7",
      "object_repr": "Payment #7: PENDING PAYMENT for ticket #21",
      "action_flag": 3,
      "change_message": ""
    }
  },
  {
    "model": "admin.logentry",
    "pk": 88,
    "fields": {
      "action_time": "2023-09-09T19:52:57.059Z",
      "user": 1,
      "content_type": 14,
      "object_id": "21",
      "object_repr": "2023-09-09 19:48:22.479726+00:00",
      "action_flag": 3,
      "change_message": ""
    }
  },
  {
    "model": "admin.logentry",
    "pk": 89,
    "fields": {
      "action_time": "2023-09-09T20:24:57.071Z",
      "user": 1,
      "content_type": 16,
      "object_id": "8",
      "object_repr": "Payment #8: PAID PAYMENT for ticket #22",
      "action_flag": 3,
      "change_message": ""
    }
  },
  {
    "model": "admin.logentry",
    "pk": 90,
    "fields": {
      "action_time": "2023-09-09T20:25:03.222Z",
      "user": 1,
      "content_type": 14,
      "object_id": "22",
      "object_repr": "2023-09-09 19:53:54.664439+00:00",
      "action_flag": 3,
      "change_message": ""
    }
  },
  {
    "model": "admin.logentry",
    "pk": 91,
    "fields": {
      "action_time": "2023-09-10T19:04:47.609Z",
      "user": 1,
      "content_type": 14,
      "object_id": "32",
      "object_repr": "2023-09-10 15:11:05.359440+00:00",
      "action_flag": 3,
      "change_message": ""
    }
  },
  {
    "model": "admin.logentry",
    "pk": 92,
    "fields": {
      "action_time": "2023-09-10T19:04:47.612Z",
      "user": 1,
      "content_type": 14,
      "object_id": "30",
      "object_repr": "2023-09-10 15:10:31.750023+00:00",
      "action_flag": 3,
      "change_message": ""
    }
  },
  {
    "model": "admin.logentry",
    "pk": 93,
    "fields": {
      "action_time": "2023-09-10T19:04:47.613Z",
      "user": 1,
      "content_type": 14,
      "object_id": "29",
      "object_repr": "2023-09-10 13:17:34.830345+00:00",
      "action_flag": 3,
      "change_message": ""
    }
  },
  {
    "model": "admin.logentry",
    "pk": 94,
    "fields": {
      "action_time": "2023-09-10T19:04:47.613Z",
      "user": 1,
      "content_type": 14,
      "object_id": "28",
      "object_repr": "2023-09-09 21:03:14.591714+00:00",
      "action_flag": 3,
      "change_message": ""
    }
  },
  {
    "model": "admin.logentry",
    "pk": 95,
    "fields": {
      "action_time": "2023-09-10T19:04:47.614Z",
      "user": 1,
      "content_type": 14,
      "object_id": "27",
      "object_repr": "2023-09-09 20:52:05.624105+00:00",
      "action_flag": 3,
      "change_message": ""
    }
  },
  {
    "model": "admin.logentry",
    "pk": 96,
    "fields": {
      "action_time": "2023-09-10T19:04:47.615Z",
      "user": 1,
      "content_type": 14,
      "object_id": "26",
      "object_repr": "2023-09-09 20:46:36.399591+00:00",
      "action_flag": 3,
      "change_message": ""
    }
  },
  {
    "model": "admin.logentry",
    "pk": 97,
    "fields": {
      "action_time": "2023-09-10T19:04:47.615Z",
      "user": 1,
      "content_type": 14,
      "object_id": "25",
      "object_repr": "2023-09-09 20:42:58.440788+00:00",
      "action_flag": 3,
      "change_message": ""
    }
  },
  {
    "model": "admin.logentry",
    "pk": 98,
    "fields": {
      "action_time": "2023-09-10T19:04:47.616Z",
      "user": 1,
      "content_type": 14,
      "object_id": "24",
      "object_repr": "2023-09-09 20:32:41.780918+00:00",
      "action_flag": 3,
      "change_message": ""
    }
  },
  {
    "model": "admin.logentry",
    "pk": 99,
    "fields": {
      "action_time": "2023-09-10T19:04:47.616Z",
      "user": 1,
      "content_type": 14,
      "object_id": "23",
      "object_repr": "2023-09-09 20:25:47.201790+00:00",
      "action_flag": 3,
      "change_message": ""
    }
  },
  {
    "model": "admin.logentry",
    "pk": 100,
    "fields": {
      "action_time": "2023-09-10T19:39:06.691Z",
      "user": 1,
      "content_type": 16,
      "object_id": "20",
      "object_repr": "Payment #20: PENDING PAYMENT for ticket #36",
      "action_flag": 3,
      "change_message": ""
    }
  },
  {
    "model": "admin.logentry",
    "pk": 101,
    "fields": {
      "action_time": "2023-09-10T19:39:06.696Z",
      "user": 1,
      "content_type": 16,
      "object_id": "19",
      "object_repr": "Payment #19: PENDING PAYMENT for ticket #35",
      "action_flag": 3,
      "change_message": ""
    }
  },
  {
    "model": "admin.logentry",
    "pk": 102,
    "fields": {
      "action_time": "2023-09-10T19:39:06.697Z",
      "user": 1,
      "content_type": 16,
      "object_id": "18",
      "object_repr": "Payment #18: PENDING PAYMENT for ticket #33",
      "action_flag": 3,
      "change_message": ""
    }
  },
  {
    "model": "admin.logentry",
    "pk": 103,
    "fields": {
      "action_time": "2023-09-10T19:39:12.883Z",
      "user": 1,
      "content_type": 14,
      "object_id": "36",
      "object_repr": "2023-09-10 19:30:27.793998+00:00",
      "action_flag": 3,
      "change_message": ""
    }
  },
  {
    "model": "admin.logentry",
    "pk": 104,
    "fields": {
      "action_time": "2023-09-10T19:39:12.895Z",
      "user": 1,
      "content_type": 14,
      "object_id": "35",
      "object_repr": "2023-09-10 19:14:14.082903+00:00",
      "action_flag": 3,
      "change_message": ""
    }
  },
  {
    "model": "admin.logentry",
    "pk": 105,
    "fields": {
      "action_time": "2023-09-10T19:39:12.896Z",
      "user": 1,
      "content_type": 14,
      "object_id": "33",
      "object_repr": "2023-09-10 19:07:24.046227+00:00",
      "action_flag": 3,
      "change_message": ""
    }
  },
  {
    "model": "admin.logentry",
    "pk": 106,
    "fields": {
      "action_time": "2023-09-10T19:40:16.089Z",
      "user": 1,
      "content_type": 9,
      "object_id": "3",
      "object_repr": "Air-conditioning",
      "action_flag": 1,
      "change_message": "[{\"added\": {}}]"
    }
  },
  {
    "model": "admin.logentry",
    "pk": 107,
    "fields": {
      "action_time": "2023-09-10T19:40:32.869Z",
      "user": 1,
      "content_type": 9,
      "object_id": "4",
      "object_repr": "Bistro carriage",
      "action_flag": 1,
      "change_message": "[{\"added\": {}}]"
    }
  },
  {
    "model": "admin.logentry",
    "pk": 108,
    "fields": {
      "action_time": "2023-09-10T19:40:47.429Z",
      "user": 1,
      "content_type": 9,
      "object_id": "5",
      "object_repr": "In-seat refreshment service",
      "action_flag": 1,
      "change_message": "[{\"added\": {}}]"
    }
  },
  {
    "model": "admin.logentry",
    "pk": 109,
    "fields": {
      "action_time": "2023-09-10T19:40:55.912Z",
      "user": 1,
      "content_type": 9,
      "object_id": "6",
      "object_repr": "230V electrical sockets",
      "action_flag": 1,
      "change_message": "[{\"added\": {}}]"
    }
  },
  {
    "model": "admin.logentry",
    "pk": 110,
    "fields": {
      "action_time": "2023-09-10T19:41:11.551Z",
      "user": 1,
      "content_type": 9,
      "object_id": "7",
      "object_repr": "An audio-visual information system",
      "action_flag": 1,
      "change_message": "[{\"added\": {}}]"
    }
  },
  {
    "model": "admin.logentry",
    "pk": 111,
    "fields": {
      "action_time": "2023-09-10T19:41:20.798Z",
      "user": 1,
      "content_type": 9,
      "object_id": "8",
      "object_repr": "A carriage suitable for transporting passengers using wheelchairs",
      "action_flag": 1,
      "change_message": "[{\"added\": {}}]"
    }
  },
  {
    "model": "admin.logentry",
    "pk": 112,
    "fields": {
      "action_time": "2023-09-10T19:41:29.299Z",
      "user": 1,
      "content_type": 9,
      "object_id": "9",
      "object_repr": "A quiet section",
      "action_flag": 1,
      "change_message": "[{\"added\": {}}]"
    }
  },
  {
    "model": "admin.logentry",
    "pk": 113,
    "fields": {
      "action_time": "2023-09-10T19:42:03.560Z",
      "user": 1,
      "content_type": 9,
      "object_id": "10",
      "object_repr": "transport of oversized luggage with required reservation of a space",
      "action_flag": 1,
      "change_message": "[{\"added\": {}}]"
    }
  },
  {
    "model": "admin.logentry",
    "pk": 114,
    "fields": {
      "action_time": "2023-09-10T19:42:12.843Z",
      "user": 1,
      "content_type": 9,
      "object_id": "11",
      "object_repr": "An on-board entertainment and information portal",
      "action_flag": 1,
      "change_message": "[{\"added\": {}}]"
    }
  },
  {
    "model": "admin.logentry",
    "pk": 115,
    "fields": {
      "action_time": "2023-09-10T19:42:29.050Z",
      "user": 1,
      "content_type": 9,
      "object_id": "12",
      "object_repr": "Bonus services in 1st and 2nd class",
      "action_flag": 1,
      "change_message": "[{\"added\": {}}]"
    }
  },
  {
    "model": "admin.logentry",
    "pk": 116,
    "fields": {
      "action_time": "2023-09-10T19:43:23.558Z",
      "user": 1,
      "content_type": 7,
      "object_id": "1",
      "object_repr": "SuperCity Pendolino",
      "action_flag": 2,
      "change_message": "[{\"changed\": {\"fields\": [\"Services\"]}}]"
    }
  },
  {
    "model": "admin.logentry",
    "pk": 117,
    "fields": {
      "action_time": "2023-09-10T19:44:24.907Z",
      "user": 1,
      "content_type": 7,
      "object_id": "2",
      "object_repr": "Railjet",
      "action_flag": 1,
      "change_message": "[{\"added\": {}}]"
    }
  },
  {
    "model": "admin.logentry",
    "pk": 118,
    "fields": {
      "action_time": "2023-09-10T19:44:58.990Z",
      "user": 1,
      "content_type": 7,
      "object_id": "3",
      "object_repr": "InterCity",
      "action_flag": 1,
      "change_message": "[{\"added\": {}}]"
    }
  },
  {
    "model": "admin.logentry",
    "pk": 119,
    "fields": {
      "action_time": "2023-09-10T19:45:16.448Z",
      "user": 1,
      "content_type": 7,
      "object_id": "4",
      "object_repr": "EuroCity",
      "action_flag": 1,
      "change_message": "[{\"added\": {}}]"
    }
  },
  {
    "model": "admin.logentry",
    "pk": 120,
    "fields": {
      "action_time": "2023-09-10T19:46:00.043Z",
      "user": 1,
      "content_type": 7,
      "object_id": "5",
      "object_repr": "InterPanter",
      "action_flag": 1,
      "change_message": "[{\"added\": {}}]"
    }
  },
  {
    "model": "admin.logentry",
    "pk": 121,
    "fields": {
      "action_time": "2023-09-10T19:46:29.864Z",
      "user": 1,
      "content_type": 8,
      "object_id": "3",
      "object_repr": "Praha - Brno",
      "action_flag": 1,
      "change_message": "[{\"added\": {}}]"
    }
  },
  {
    "model": "admin.logentry",
    "pk": 122,
    "fields": {
      "action_time": "2023-09-10T19:46:58.961Z",
      "user": 1,
      "content_type": 8,
      "object_id": "4",
      "object_repr": "Praha - Wroclaw",
      "action_flag": 1,
      "change_message": "[{\"added\": {}}]"
    }
  },
  {
    "model": "admin.logentry",
    "pk": 123,
    "fields": {
      "action_time": "2023-09-10T19:47:42.849Z",
      "user": 1,
      "content_type": 8,
      "object_id": "5",
      "object_repr": "Praha - Vienna",
      "action_flag": 1,
      "change_message": "[{\"added\": {}}]"
    }
  },
  {
    "model": "admin.logentry",
    "pk": 124,
    "fields": {
      "action_time": "2023-09-10T19:48:02.071Z",
      "user": 1,
      "content_type": 12,
      "object_id": "3",
      "object_repr": "Walter White",
      "action_flag": 1,
      "change_message": "[{\"added\": {}}]"
    }
  },
  {
    "model": "admin.logentry",
    "pk": 125,
    "fields": {
      "action_time": "2023-09-10T19:49:02.373Z",
      "user": 1,
      "content_type": 12,
      "object_id": "4",
      "object_repr": "Jessy Pinckman",
      "action_flag": 1,
      "change_message": "[{\"added\": {}}]"
    }
  },
  {
    "model": "admin.logentry",
    "pk": 126,
    "fields": {
      "action_time": "2023-09-10T19:49:02.386Z",
      "user": 1,
      "content_type": 12,
      "object_id": "5",
      "object_repr": "Jessy Pinckman",
      "action_flag": 1,
      "change_message": "[{\"added\": {}}]"
    }
  },
  {
    "model": "admin.logentry",
    "pk": 127,
    "fields": {
      "action_time": "2023-09-10T19:49:09.057Z",
      "user": 1,
      "content_type": 12,
      "object_id": "2",
      "object_repr": "Taras Johns",
      "action_flag": 3,
      "change_message": ""
    }
  },
  {
    "model": "admin.logentry",
    "pk": 128,
    "fields": {
      "action_time": "2023-09-10T19:49:22.021Z",
      "user": 1,
      "content_type": 12,
      "object_id": "4",
      "object_repr": "Jessy Pinckman",
      "action_flag": 3,
      "change_message": ""
    }
  },
  {
    "model": "admin.logentry",
    "pk": 129,
    "fields": {
      "action_time": "2023-09-10T19:50:23.252Z",
      "user": 1,
      "content_type": 12,
      "object_id": "6",
      "object_repr": "Gustavo Frink",
      "action_flag": 1,
      "change_message": "[{\"added\": {}}]"
    }
  },
  {
    "model": "admin.logentry",
    "pk": 130,
    "fields": {
      "action_time": "2023-09-10T19:50:29.141Z",
      "user": 1,
      "content_type": 12,
      "object_id": "5",
      "object_repr": "Jessy Pinckman",
      "action_flag": 2,
      "change_message": "[{\"changed\": {\"fields\": [\"Position\"]}}]"
    }
  },
  {
    "model": "admin.logentry",
    "pk": 131,
    "fields": {
      "action_time": "2023-09-10T19:51:00.691Z",
      "user": 1,
      "content_type": 11,
      "object_id": "7",
      "object_repr": "Stare Hodejovice - Gmund",
      "action_flag": 3,
      "change_message": ""
    }
  },
  {
    "model": "admin.logentry",
    "pk": 132,
    "fields": {
      "action_time": "2023-09-10T19:51:43.167Z",
      "user": 1,
      "content_type": 10,
      "object_id": "6",
      "object_repr": "Praha",
      "action_flag": 1,
      "change_message": "[{\"added\": {}}]"
    }
  },
  {
    "model": "admin.logentry",
    "pk": 133,
    "fields": {
      "action_time": "2023-09-10T19:52:05.121Z",
      "user": 1,
      "content_type": 10,
      "object_id": "7",
      "object_repr": "Vienna",
      "action_flag": 1,
      "change_message": "[{\"added\": {}}]"
    }
  },
  {
    "model": "admin.logentry",
    "pk": 134,
    "fields": {
      "action_time": "2023-09-10T19:52:27.807Z",
      "user": 1,
      "content_type": 10,
      "object_id": "8",
      "object_repr": "Brno",
      "action_flag": 1,
      "change_message": "[{\"added\": {}}]"
    }
  },
  {
    "model": "admin.logentry",
    "pk": 135,
    "fields": {
      "action_time": "2023-09-10T19:53:16.434Z",
      "user": 1,
      "content_type": 10,
      "object_id": "9",
      "object_repr": "Wroclaw",
      "action_flag": 1,
      "change_message": "[{\"added\": {}}]"
    }
  },
  {
    "model": "admin.logentry",
    "pk": 136,
    "fields": {
      "action_time": "2023-09-10T19:54:03.489Z",
      "user": 1,
      "content_type": 11,
      "object_id": "8",
      "object_repr": "Praha - Brno",
      "action_flag": 1,
      "change_message": "[{\"added\": {}}]"
    }
  },
  {
    "model": "admin.logentry",
    "pk": 137,
    "fields": {
      "action_time": "2023-09-10T19:54:23.093Z",
      "user": 1,
      "content_type": 11,
      "object_id": "9",
      "object_repr": "Praha - Vienna",
      "action_flag": 1,
      "change_message": "[{\"added\": {}}]"
    }
  },
  {
    "model": "admin.logentry",
    "pk": 138,
    "fields": {
      "action_time": "2023-09-10T19:54:40.425Z",
      "user": 1,
      "content_type": 11,
      "object_id": "10",
      "object_repr": "Praha - Wroclaw",
      "action_flag": 1,
      "change_message": "[{\"added\": {}}]"
    }
  },
  {
    "model": "admin.logentry",
    "pk": 139,
    "fields": {
      "action_time": "2023-09-10T19:54:47.788Z",
      "user": 1,
      "content_type": 11,
      "object_id": "11",
      "object_repr": "Praha - Brno",
      "action_flag": 1,
      "change_message": "[{\"added\": {}}]"
    }
  },
  {
    "model": "admin.logentry",
    "pk": 140,
    "fields": {
      "action_time": "2023-09-10T19:55:06.765Z",
      "user": 1,
      "content_type": 11,
      "object_id": "12",
      "object_repr": "Ceske Budejovice - Wroclaw",
      "action_flag": 1,
      "change_message": "[{\"added\": {}}]"
    }
  },
  {
    "model": "admin.logentry",
    "pk": 141,
    "fields": {
      "action_time": "2023-09-10T19:59:32.788Z",
      "user": 1,
      "content_type": 11,
      "object_id": "12",
      "object_repr": "Ceske Budejovice - Wroclaw",
      "action_flag": 3,
      "change_message": ""
    }
  },
  {
    "model": "admin.logentry",
    "pk": 142,
    "fields": {
      "action_time": "2023-09-10T20:04:40.862Z",
      "user": 1,
      "content_type": 11,
      "object_id": "10",
      "object_repr": "Praha - Wroclaw",
      "action_flag": 3,
      "change_message": ""
    }
  },
  {
    "model": "admin.logentry",
    "pk": 143,
    "fields": {
      "action_time": "2023-09-10T20:05:08.595Z",
      "user": 1,
      "content_type": 11,
      "object_id": "13",
      "object_repr": "Ceske Budejovice - Wroclaw",
      "action_flag": 1,
      "change_message": "[{\"added\": {}}]"
    }
  },
  {
    "model": "admin.logentry",
    "pk": 144,
    "fields": {
      "action_time": "2023-09-10T20:06:02.416Z",
      "user": 1,
      "content_type": 11,
      "object_id": "14",
      "object_repr": "Brno - Praha",
      "action_flag": 1,
      "change_message": "[{\"added\": {}}]"
    }
  },
  {
    "model": "admin.logentry",
    "pk": 145,
    "fields": {
      "action_time": "2023-09-10T20:06:08.760Z",
      "user": 1,
      "content_type": 11,
      "object_id": "14",
      "object_repr": "Brno - Praha",
      "action_flag": 3,
      "change_message": ""
    }
  },
  {
    "model": "admin.logentry",
    "pk": 146,
    "fields": {
      "action_time": "2023-09-10T20:06:12.878Z",
      "user": 1,
      "content_type": 11,
      "object_id": "13",
      "object_repr": "Ceske Budejovice - Wroclaw",
      "action_flag": 3,
      "change_message": ""
    }
  },
  {
    "model": "admin.logentry",
    "pk": 147,
    "fields": {
      "action_time": "2023-09-10T20:21:23.755Z",
      "user": 1,
      "content_type": 13,
      "object_id": "11",
      "object_repr": "Praha - Vienna",
      "action_flag": 1,
      "change_message": "[{\"added\": {}}]"
    }
  },
  {
    "model": "admin.logentry",
    "pk": 148,
    "fields": {
      "action_time": "2023-09-10T20:23:36.742Z",
      "user": 1,
      "content_type": 13,
      "object_id": "11",
      "object_repr": "Praha - Vienna",
      "action_flag": 3,
      "change_message": ""
    }
  },
  {
    "model": "admin.logentry",
    "pk": 149,
    "fields": {
      "action_time": "2023-09-10T20:23:57.089Z",
      "user": 1,
      "content_type": 11,
      "object_id": "15",
      "object_repr": "Ceske Budejovice - Wroclaw",
      "action_flag": 1,
      "change_message": "[{\"added\": {}}]"
    }
  },
  {
    "model": "admin.logentry",
    "pk": 150,
    "fields": {
      "action_time": "2023-09-10T20:26:18.609Z",
      "user": 1,
      "content_type": 8,
      "object_id": "6",
      "object_repr": "Ceske Budejovice - Wroclaw",
      "action_flag": 1,
      "change_message": "[{\"added\": {}}]"
    }
  },
  {
    "model": "admin.logentry",
    "pk": 151,
    "fields": {
      "action_time": "2023-09-10T20:26:40.801Z",
      "user": 1,
      "content_type": 13,
      "object_id": "12",
      "object_repr": "Ceske Budejovice - Wroclaw",
      "action_flag": 1,
      "change_message": "[{\"added\": {}}]"
    }
  },
  {
    "model": "admin.logentry",
    "pk": 152,
    "fields": {
      "action_time": "2023-09-10T20:29:11.577Z",
      "user": 1,
      "content_type": 13,
      "object_id": "13",
      "object_repr": "Ceske Budejovice - Wroclaw",
      "action_flag": 1,
      "change_message": "[{\"added\": {}}]"
    }
  },
  {
    "model": "admin.logentry",
    "pk": 153,
    "fields": {
      "action_time": "2023-09-10T20:29:18.089Z",
      "user": 1,
      "content_type": 13,
      "object_id": "13",
      "object_repr": "Ceske Budejovice - Wroclaw",
      "action_flag": 3,
      "change_message": ""
    }
  },
  {
    "model": "admin.logentry",
    "pk": 154,
    "fields": {
      "action_time": "2023-09-10T20:29:18.091Z",
      "user": 1,
      "content_type": 13,
      "object_id": "12",
      "object_repr": "Ceske Budejovice - Wroclaw",
      "action_flag": 3,
      "change_message": ""
    }
  },
  {
    "model": "admin.logentry",
    "pk": 155,
    "fields": {
      "action_time": "2023-09-10T20:31:26.879Z",
      "user": 1,
      "content_type": 13,
      "object_id": "14",
      "object_repr": "Ceske Budejovice - Wroclaw",
      "action_flag": 1,
      "change_message": "[{\"added\": {}}]"
    }
  },
  {
    "model": "admin.logentry",
    "pk": 156,
    "fields": {
      "action_time": "2023-09-10T20:35:50.031Z",
      "user": 1,
      "content_type": 11,
      "object_id": "5",
      "object_repr": "Ceske Budejovice - Stare Hodejovice",
      "action_flag": 3,
      "change_message": ""
    }
  },
  {
    "model": "admin.logentry",
    "pk": 157,
    "fields": {
      "action_time": "2023-09-10T20:36:23.708Z",
      "user": 1,
      "content_type": 11,
      "object_id": "16",
      "object_repr": "Vienna - Wroclaw",
      "action_flag": 1,
      "change_message": "[{\"added\": {}}]"
    }
  },
  {
    "model": "admin.logentry",
    "pk": 158,
    "fields": {
      "action_time": "2023-09-10T20:38:13.235Z",
      "user": 1,
      "content_type": 8,
      "object_id": "7",
      "object_repr": "Vienna #230",
      "action_flag": 1,
      "change_message": "[{\"added\": {}}]"
    }
  },
  {
    "model": "admin.logentry",
    "pk": 159,
    "fields": {
      "action_time": "2023-09-10T20:38:28.444Z",
      "user": 1,
      "content_type": 8,
      "object_id": "4",
      "object_repr": "Praha #340",
      "action_flag": 2,
      "change_message": "[{\"changed\": {\"fields\": [\"Name\"]}}]"
    }
  },
  {
    "model": "admin.logentry",
    "pk": 160,
    "fields": {
      "action_time": "2023-09-10T20:38:38.401Z",
      "user": 1,
      "content_type": 8,
      "object_id": "5",
      "object_repr": "Praha #300",
      "action_flag": 2,
      "change_message": "[{\"changed\": {\"fields\": [\"Name\"]}}]"
    }
  },
  {
    "model": "admin.logentry",
    "pk": 161,
    "fields": {
      "action_time": "2023-09-10T20:38:47.013Z",
      "user": 1,
      "content_type": 8,
      "object_id": "3",
      "object_repr": "Praha #240",
      "action_flag": 2,
      "change_message": "[{\"changed\": {\"fields\": [\"Name\"]}}]"
    }
  },
  {
    "model": "admin.logentry",
    "pk": 162,
    "fields": {
      "action_time": "2023-09-10T20:38:56.760Z",
      "user": 1,
      "content_type": 8,
      "object_id": "6",
      "object_repr": "Ceske Budejovice #400",
      "action_flag": 2,
      "change_message": "[{\"changed\": {\"fields\": [\"Name\"]}}]"
    }
  },
  {
    "model": "admin.logentry",
    "pk": 163,
    "fields": {
      "action_time": "2023-09-10T20:39:05.807Z",
      "user": 1,
      "content_type": 8,
      "object_id": "2",
      "object_repr": "Ceske Budejovice #111",
      "action_flag": 2,
      "change_message": "[{\"changed\": {\"fields\": [\"Name\"]}}]"
    }
  },
  {
    "model": "admin.logentry",
    "pk": 164,
    "fields": {
      "action_time": "2023-09-10T20:39:13.069Z",
      "user": 1,
      "content_type": 8,
      "object_id": "1",
      "object_repr": "Ceske Budejovice #123",
      "action_flag": 2,
      "change_message": "[{\"changed\": {\"fields\": [\"Name\"]}}]"
    }
  },
  {
    "model": "admin.logentry",
    "pk": 165,
    "fields": {
      "action_time": "2023-09-10T20:47:00.163Z",
      "user": 1,
      "content_type": 13,
      "object_id": "15",
      "object_repr": "Praha - Brno",
      "action_flag": 1,
      "change_message": "[{\"added\": {}}]"
    }
  },
  {
    "model": "admin.logentry",
    "pk": 166,
    "fields": {
      "action_time": "2023-09-10T20:47:11.835Z",
      "user": 1,
      "content_type": 13,
      "object_id": "15",
      "object_repr": "Praha - Brno",
      "action_flag": 3,
      "change_message": ""
    }
  },
  {
    "model": "admin.logentry",
    "pk": 167,
    "fields": {
      "action_time": "2023-09-10T20:49:56.145Z",
      "user": 1,
      "content_type": 13,
      "object_id": "9",
      "object_repr": "Ceske Budejovice - Gmund",
      "action_flag": 2,
      "change_message": "[{\"changed\": {\"fields\": [\"Departure time\"]}}]"
    }
  },
  {
    "model": "admin.logentry",
    "pk": 168,
    "fields": {
      "action_time": "2023-09-10T20:50:02.084Z",
      "user": 1,
      "content_type": 13,
      "object_id": "14",
      "object_repr": "Ceske Budejovice - Wroclaw",
      "action_flag": 2,
      "change_message": "[{\"changed\": {\"fields\": [\"Departure time\"]}}]"
    }
  },
  {
    "model": "admin.logentry",
    "pk": 169,
    "fields": {
      "action_time": "2023-09-10T20:50:19.685Z",
      "user": 1,
      "content_type": 13,
      "object_id": "16",
      "object_repr": "Praha - Brno",
      "action_flag": 1,
      "change_message": "[{\"added\": {}}]"
    }
  },
  {
    "model": "admin.logentry",
    "pk": 170,
    "fields": {
      "action_time": "2023-09-10T20:50:43.684Z",
      "user": 1,
      "content_type": 13,
      "object_id": "17",
      "object_repr": "Vienna - Wroclaw",
      "action_flag": 1,
      "change_message": "[{\"added\": {}}]"
    }
  },
  {
    "model": "auth.permission",
    "pk": 1,
    "fields": {
      "name": "Can add log entry",
      "content_type": 1,
      "codename": "add_logentry"
    }
  },
  {
    "model": "auth.permission",
    "pk": 2,
    "fields": {
      "name": "Can change log entry",
      "content_type": 1,
      "codename": "change_logentry"
    }
  },
  {
    "model": "auth.permission",
    "pk": 3,
    "fields": {
      "name": "Can delete log entry",
      "content_type": 1,
      "codename": "delete_logentry"
    }
  },
  {
    "model": "auth.permission",
    "pk": 4,
    "fields": {
      "name": "Can view log entry",
      "content_type": 1,
      "codename": "view_logentry"
    }
  },
  {
    "model": "auth.permission",
    "pk": 5,
    "fields": {
      "name": "Can add permission",
      "content_type": 2,
      "codename": "add_permission"
    }
  },
  {
    "model": "auth.permission",
    "pk": 6,
    "fields": {
      "name": "Can change permission",
      "content_type": 2,
      "codename": "change_permission"
    }
  },
  {
    "model": "auth.permission",
    "pk": 7,
    "fields": {
      "name": "Can delete permission",
      "content_type": 2,
      "codename": "delete_permission"
    }
  },
  {
    "model": "auth.permission",
    "pk": 8,
    "fields": {
      "name": "Can view permission",
      "content_type": 2,
      "codename": "view_permission"
    }
  },
  {
    "model": "auth.permission",
    "pk": 9,
    "fields": {
      "name": "Can add group",
      "content_type": 3,
      "codename": "add_group"
    }
  },
  {
    "model": "auth.permission",
    "pk": 10,
    "fields": {
      "name": "Can change group",
      "content_type": 3,
      "codename": "change_group"
    }
  },
  {
    "model": "auth.permission",
    "pk": 11,
    "fields": {
      "name": "Can delete group",
      "content_type": 3,
      "codename": "delete_group"
    }
  },
  {
    "model": "auth.permission",
    "pk": 12,
    "fields": {
      "name": "Can view group",
      "content_type": 3,
      "codename": "view_group"
    }
  },
  {
    "model": "auth.permission",
    "pk": 13,
    "fields": {
      "name": "Can add content type",
      "content_type": 4,
      "codename": "add_contenttype"
    }
  },
  {
    "model": "auth.permission",
    "pk": 14,
    "fields": {
      "name": "Can change content type",
      "content_type": 4,
      "codename": "change_contenttype"
    }
  },
  {
    "model": "auth.permission",
    "pk": 15,
    "fields": {
      "name": "Can delete content type",
      "content_type": 4,
      "codename": "delete_contenttype"
    }
  },
  {
    "model": "auth.permission",
    "pk": 16,
    "fields": {
      "name": "Can view content type",
      "content_type": 4,
      "codename": "view_contenttype"
    }
  },
  {
    "model": "auth.permission",
    "pk": 17,
    "fields": {
      "name": "Can add session",
      "content_type": 5,
      "codename": "add_session"
    }
  },
  {
    "model": "auth.permission",
    "pk": 18,
    "fields": {
      "name": "Can change session",
      "content_type": 5,
      "codename": "change_session"
    }
  },
  {
    "model": "auth.permission",
    "pk": 19,
    "fields": {
      "name": "Can delete session",
      "content_type": 5,
      "codename": "delete_session"
    }
  },
  {
    "model": "auth.permission",
    "pk": 20,
    "fields": {
      "name": "Can view session",
      "content_type": 5,
      "codename": "view_session"
    }
  },
  {
    "model": "auth.permission",
    "pk": 21,
    "fields": {
      "name": "Can add user",
      "content_type": 6,
      "codename": "add_user"
    }
  },
  {
    "model": "auth.permission",
    "pk": 22,
    "fields": {
      "name": "Can change user",
      "content_type": 6,
      "codename": "change_user"
    }
  },
  {
    "model": "auth.permission",
    "pk": 23,
    "fields": {
      "name": "Can delete user",
      "content_type": 6,
      "codename": "delete_user"
    }
  },
  {
    "model": "auth.permission",
    "pk": 24,
    "fields": {
      "name": "Can view user",
      "content_type": 6,
      "codename": "view_user"
    }
  },
  {
    "model": "auth.permission",
    "pk": 25,
    "fields": {
      "name": "Can add train type",
      "content_type": 7,
      "codename": "add_traintype"
    }
  },
  {
    "model": "auth.permission",
    "pk": 26,
    "fields": {
      "name": "Can change train type",
      "content_type": 7,
      "codename": "change_traintype"
    }
  },
  {
    "model": "auth.permission",
    "pk": 27,
    "fields": {
      "name": "Can delete train type",
      "content_type": 7,
      "codename": "delete_traintype"
    }
  },
  {
    "model": "auth.permission",
    "pk": 28,
    "fields": {
      "name": "Can view train type",
      "content_type": 7,
      "codename": "view_traintype"
    }
  },
  {
    "model": "auth.permission",
    "pk": 29,
    "fields": {
      "name": "Can add train",
      "content_type": 8,
      "codename": "add_train"
    }
  },
  {
    "model": "auth.permission",
    "pk": 30,
    "fields": {
      "name": "Can change train",
      "content_type": 8,
      "codename": "change_train"
    }
  },
  {
    "model": "auth.permission",
    "pk": 31,
    "fields": {
      "name": "Can delete train",
      "content_type": 8,
      "codename": "delete_train"
    }
  },
  {
    "model": "auth.permission",
    "pk": 32,
    "fields": {
      "name": "Can view train",
      "content_type": 8,
      "codename": "view_train"
    }
  },
  {
    "model": "auth.permission",
    "pk": 33,
    "fields": {
      "name": "Can add service",
      "content_type": 9,
      "codename": "add_service"
    }
  },
  {
    "model": "auth.permission",
    "pk": 34,
    "fields": {
      "name": "Can change service",
      "content_type": 9,
      "codename": "change_service"
    }
  },
  {
    "model": "auth.permission",
    "pk": 35,
    "fields": {
      "name": "Can delete service",
      "content_type": 9,
      "codename": "delete_service"
    }
  },
  {
    "model": "auth.permission",
    "pk": 36,
    "fields": {
      "name": "Can view service",
      "content_type": 9,
      "codename": "view_service"
    }
  },
  {
    "model": "auth.permission",
    "pk": 37,
    "fields": {
      "name": "Can add station",
      "content_type": 10,
      "codename": "add_station"
    }
  },
  {
    "model": "auth.permission",
    "pk": 38,
    "fields": {
      "name": "Can change station",
      "content_type": 10,
      "codename": "change_station"
    }
  },
  {
    "model": "auth.permission",
    "pk": 39,
    "fields": {
      "name": "Can delete station",
      "content_type": 10,
      "codename": "delete_station"
    }
  },
  {
    "model": "auth.permission",
    "pk": 40,
    "fields": {
      "name": "Can view station",
      "content_type": 10,
      "codename": "view_station"
    }
  },
  {
    "model": "auth.permission",
    "pk": 41,
    "fields": {
      "name": "Can add route",
      "content_type": 11,
      "codename": "add_route"
    }
  },
  {
    "model": "auth.permission",
    "pk": 42,
    "fields": {
      "name": "Can change route",
      "content_type": 11,
      "codename": "change_route"
    }
  },
  {
    "model": "auth.permission",
    "pk": 43,
    "fields": {
      "name": "Can delete route",
      "content_type": 11,
      "codename": "delete_route"
    }
  },
  {
    "model": "auth.permission",
    "pk": 44,
    "fields": {
      "name": "Can view route",
      "content_type": 11,
      "codename": "view_route"
    }
  },
  {
    "model": "auth.permission",
    "pk": 45,
    "fields": {
      "name": "Can add crew",
      "content_type": 12,
      "codename": "add_crew"
    }
  },
  {
    "model": "auth.permission",
    "pk": 46,
    "fields": {
      "name": "Can change crew",
      "content_type": 12,
      "codename": "change_crew"
    }
  },
  {
    "model": "auth.permission",
    "pk": 47,
    "fields": {
      "name": "Can delete crew",
      "content_type": 12,
      "codename": "delete_crew"
    }
  },
  {
    "model": "auth.permission",
    "pk": 48,
    "fields": {
      "name": "Can view crew",
      "content_type": 12,
      "codename": "view_crew"
    }
  },
  {
    "model": "auth.permission",
    "pk": 49,
    "fields": {
      "name": "Can add journey",
      "content_type": 13,
      "codename": "add_journey"
    }
  },
  {
    "model": "auth.permission",
    "pk": 50,
    "fields": {
      "name": "Can change journey",
      "content_type": 13,
      "codename": "change_journey"
    }
  },
  {
    "model": "auth.permission",
    "pk": 51,
    "fields": {
      "name": "Can delete journey",
      "content_type": 13,
      "codename": "delete_journey"
    }
  },
  {
    "model": "auth.permission",
    "pk": 52,
    "fields": {
      "name": "Can view journey",
      "content_type": 13,
      "codename": "view_journey"
    }
  },
  {
    "model": "auth.permission",
    "pk": 53,
    "fields": {
      "name": "Can add order",
      "content_type": 14,
      "codename": "add_order"
    }
  },
  {
    "model": "auth.permission",
    "pk": 54,
    "fields": {
      "name": "Can change order",
      "content_type": 14,
      "codename": "change_order"
    }
  },
  {
    "model": "auth.permission",
    "pk": 55,
    "fields": {
      "name": "Can delete order",
      "content_type": 14,
      "codename": "delete_order"
    }
  },
  {
    "model": "auth.permission",
    "pk": 56,
    "fields": {
      "name": "Can view order",
      "content_type": 14,
      "codename": "view_order"
    }
  },
  {
    "model": "auth.permission",
    "pk": 57,
    "fields": {
      "name": "Can add ticket",
      "content_type": 15,
      "codename": "add_ticket"
    }
  },
  {
    "model": "auth.permission",
    "pk": 58,
    "fields": {
      "name": "Can change ticket",
      "content_type": 15,
      "codename": "change_ticket"
    }
  },
  {
    "model": "auth.permission",
    "pk": 59,
    "fields": {
      "name": "Can delete ticket",
      "content_type": 15,
      "codename": "delete_ticket"
    }
  },
  {
    "model": "auth.permission",
    "pk": 60,
    "fields": {
      "name": "Can view ticket",
      "content_type": 15,
      "codename": "view_ticket"
    }
  },
  {
    "model": "auth.permission",
    "pk": 61,
    "fields": {
      "name": "Can add payment",
      "content_type": 16,
      "codename": "add_payment"
    }
  },
  {
    "model": "auth.permission",
    "pk": 62,
    "fields": {
      "name": "Can change payment",
      "content_type": 16,
      "codename": "change_payment"
    }
  },
  {
    "model": "auth.permission",
    "pk": 63,
    "fields": {
      "name": "Can delete payment",
      "content_type": 16,
      "codename": "delete_payment"
    }
  },
  {
    "model": "auth.permission",
    "pk": 64,
    "fields": {
      "name": "Can view payment",
      "content_type": 16,
      "codename": "view_payment"
    }
  },
  {
    "model": "contenttypes.contenttype",
    "pk": 1,
    "fields": {
      "app_label": "admin",
      "model": "logentry"
    }
  },
  {
    "model": "contenttypes.contenttype",
    "pk": 2,
    "fields": {
      "app_label": "auth",
      "model": "permission"
    }
  },
  {
    "model": "contenttypes.contenttype",
    "pk": 3,
    "fields": {
      "app_label": "auth",
      "model": "group"
    }
  },
  {
    "model": "contenttypes.contenttype",
    "pk": 4,
    "fields": {
      "app_label": "contenttypes",
      "model": "contenttype"
    }
  },
  {
    "model": "contenttypes.contenttype",
    "pk": 5,
    "fields": {
      "app_label": "sessions",
      "model": "session"
    }
  },
  {
    "model": "contenttypes.contenttype",
    "pk": 6,
    "fields": {
      "app_label": "users",
      "model": "user"
    }
  },
  {
    "model": "contenttypes.contenttype",
    "pk": 7,
    "fields": {
      "app_label": "trains",
      "model": "traintype"
    }
  },
  {
    "model": "contenttypes.contenttype",
    "pk": 8,
    "fields": {
      "app_label": "trains",
      "model": "train"
    }
  },
  {
    "model": "contenttypes.contenttype",
    "pk": 9,
    "fields": {
      "app_label": "trains",
      "model": "service"
    }
  },
  {
    "model": "contenttypes.contenttype",
    "pk": 10,
    "fields": {
      "app_label": "routes",
      "model": "station"
    }
  },
  {
    "model": "contenttypes.contenttype",
    "pk": 11,
    "fields": {
      "app_label": "routes",
      "model": "route"
    }
  },
  {
    "model": "contenttypes.contenttype",
    "pk": 12,
    "fields": {
      "app_label": "journies",
      "model": "crew"
    }
  },
  {
    "model": "contenttypes.contenttype",
    "pk": 13,
    "fields": {
      "app_label": "journies",
      "model": "journey"
    }
  },
  {
    "model": "contenttypes.contenttype",
    "pk": 14,
    "fields": {
      "app_label": "orders",
      "model": "order"
    }
  },
  {
    "model": "contenttypes.contenttype",
    "pk": 15,
    "fields": {
      "app_label": "orders",
      "model": "ticket"
    }
  },
  {
    "model": "contenttypes.contenttype",
    "pk": 16,
    "fields": {
      "app_label": "payment",
      "model": "payment"
    }
  },
  {
    "model": "sessions.session",
    "pk": "20sb2c8zs0jd1kx07zu19jlu47yltxye",
    "fields": {
      "session_data": ".eJxVjMEOwiAQRP-FsyFsgQIevfsNZGFXqRpISnsy_rtt0oPeJvPezFtEXJcS185znEicBYjTb5cwP7nugB5Y703mVpd5SnJX5EG7vDbi1-Vw_w4K9rKtB0SdDXln0ZAJIegtJjUqqyCBISRKLt80AY-D9UDOWYXE3oPSwQXx-QLV1jdH:1qdzvH:wXvRvmJVc4yszHRo5sLo0VxQ_JK77z531DENTQ9mZDA",
      "expire_date": "2023-09-20T21:18:51.454Z"
    }
  },
  {
    "model": "sessions.session",
    "pk": "8oc9kdjsb7z27pyg7uh6gx098y4jkmmi",
    "fields": {
      "session_data": ".eJxVjMEOwiAQRP-FsyFsgQIevfsNZGFXqRpISnsy_rtt0oPeJvPezFtEXJcS185znEicBYjTb5cwP7nugB5Y703mVpd5SnJX5EG7vDbi1-Vw_w4K9rKtB0SdDXln0ZAJIegtJjUqqyCBISRKLt80AY-D9UDOWYXE3oPSwQXx-QLV1jdH:1qctBf:uLuGKLmqpN2fys6roOE7SXDnkZJMbDueIBMKAac0v7A",
      "expire_date": "2023-09-17T19:55:11.855Z"
    }
  },
  {
    "model": "users.user",
    "pk": 1,
    "fields": {
      "password": "pbkdf2_sha256$600000$aKSz9Unw10npyNCpBqelkW$5AOhioTRrk46dwyiGVgCNOV7Xi53gOaXc+DOskXtTZc=",
      "last_login": "2023-09-06T21:18:51.452Z",
      "is_superuser": true,
      "first_name": "",
      "last_name": "",
      "is_staff": true,
      "is_active": true,
      "date_joined": "2023-09-03T19:55:06.154Z",
      "email": "trainadmin@admin.com",
      "groups": [],
      "user_permissions": []
    }
  },
  {
    "model": "users.user",
    "pk": 2,
    "fields": {
      "password": "pbkdf2_sha256$600000$ug1R9IjtzwASCcbWYV1weX$8mAqPjCrezQiLo2iV1mNGUHFv80yt3NnOF5f8cbXEm8=",
      "last_login": null,
      "is_superuser": false,
      "first_name": "Taras",
      "last_name": "Martyniuk",
      "is_staff": false,
      "is_active": true,
      "date_joined": "2023-09-08T21:54:55Z",
      "email": "bythewaters800@gmail.com",
      "groups": [],
      "user_permissions": []
    }
  },
  {
    "model": "trains.service",
    "pk": 1,
    "fields": {
      "name": "WC"
    }
  },
  {
    "model": "trains.service",
    "pk": 2,
    "fields": {
      "name": "WIFI"
    }
  },
  {
    "model": "trains.service",
    "pk": 3,
    "fields": {
      "name": "Air-conditioning"
    }
  },
  {
    "model": "trains.service",
    "pk": 4,
    "fields": {
      "name": "Bistro carriage"
    }
  },
  {
    "model": "trains.service",
    "pk": 5,
    "fields": {
      "name": "In-seat refreshment service"
    }
  },
  {
    "model": "trains.service",
    "pk": 6,
    "fields": {
      "name": "230V electrical sockets"
    }
  },
  {
    "model": "trains.service",
    "pk": 7,
    "fields": {
      "name": "An audio-visual information system"
    }
  },
  {
    "model": "trains.service",
    "pk": 8,
    "fields": {
      "name": "A carriage suitable for transporting passengers using wheelchairs"
    }
  },
  {
    "model": "trains.service",
    "pk": 9,
    "fields": {
      "name": "A quiet section"
    }
  },
  {
    "model": "trains.service",
    "pk": 10,
    "fields": {
      "name": "transport of oversized luggage with required reservation of a space"
    }
  },
  {
    "model": "trains.service",
    "pk": 11,
    "fields": {
      "name": "An on-board entertainment and information portal"
    }
  },
  {
    "model": "trains.service",
    "pk": 12,
    "fields": {
      "name": "Bonus services in 1st and 2nd class"
    }
  },
  {
    "model": "trains.traintype",
    "pk": 1,
    "fields": {
      "name": "SuperCity Pendolino",
      "max_speed": 237,
      "services": [
        1,
        2,
        3,
        4,
        5,
        6,
        7,
        8,
        9,
        10,
        11,
        12
      ]
    }
  },
  {
    "model": "trains.traintype",
    "pk": 2,
    "fields": {
      "name": "Railjet",
      "max_speed": 200,
      "services": [
        1,
        2,
        3,
        4,
        5,
        6,
        7,
        11
      ]
    }
  },
  {
    "model": "trains.traintype",
    "pk": 3,
    "fields": {
      "name": "InterCity",
      "max_speed": 180,
      "services": [
        1,
        2,
        3,
        4,
        5,
        6,
        7,
        8
      ]
    }
  },
  {
    "model": "trains.traintype",
    "pk": 4,
    "fields": {
      "name": "EuroCity",
      "max_speed": 180,
      "services": [
        1,
        2,
        3,
        4,
        8,
        9,
        10,
        11
      ]
    }
  },
  {
    "model": "trains.traintype",
    "pk": 5,
    "fields": {
      "name": "InterPanter",
      "max_speed": 170,
      "services": [
        1,
        2,
        3,
        4,
        5,
        6,
        8,
        9,
        10
      ]
    }
  },
  {
    "model": "trains.train",
    "pk": 1,
    "fields": {
      "name": "Ceske Budejovice #123",
      "cargo_num": 10,
      "places_in_cargo": 40,
      "train_type": 1
    }
  },
  {
    "model": "trains.train",
    "pk": 2,
    "fields": {
      "name": "Ceske Budejovice #111",
      "cargo_num": 8,
      "places_in_cargo": 30,
      "train_type": 1
    }
  },
  {
    "model": "trains.train",
    "pk": 3,
    "fields": {
      "name": "Praha #240",
      "cargo_num": 5,
      "places_in_cargo": 20,
      "train_type": 1
    }
  },
  {
    "model": "trains.train",
    "pk": 4,
    "fields": {
      "name": "Praha #340",
      "cargo_num": 6,
      "places_in_cargo": 30,
      "train_type": 3
    }
  },
  {
    "model": "trains.train",
    "pk": 5,
    "fields": {
      "name": "Praha #300",
      "cargo_num": 10,
      "places_in_cargo": 30,
      "train_type": 2
    }
  },
  {
    "model": "trains.train",
    "pk": 6,
    "fields": {
      "name": "Ceske Budejovice #400",
      "cargo_num": 4,
      "places_in_cargo": 23,
      "train_type": 5
    }
  },
  {
    "model": "trains.train",
    "pk": 7,
    "fields": {
      "name": "Vienna #230",
      "cargo_num": 7,
      "places_in_cargo": 20,
      "train_type": 2
    }
  },
  {
    "model": "routes.station",
    "pk": 2,
    "fields": {
      "name": "Ceske Budejovice",
      "coordinate": "SRID=4326;POINT (14.488287708503233 48.97437485822947)",
      "stop_time": 15
    }
  },
  {
    "model": "routes.station",
    "pk": 3,
    "fields": {
      "name": "Stare Hodejovice",
      "coordinate": "SRID=4326;POINT (14.502174219409165 48.94596806926235)",
      "stop_time": 5
    }
  },
  {
    "model": "routes.station",
    "pk": 4,
    "fields": {
      "name": "Gmund",
      "coordinate": "SRID=4326;POINT (14.987484990877926 48.764309641220144)",
      "stop_time": 10
    }
  },
  {
    "model": "routes.station",
    "pk": 5,
    "fields": {
      "name": "Český Krumlov",
      "coordinate": "SRID=4326;POINT (14.318231586056193 48.82272754999999)",
      "stop_time": 5
    }
  },
  {
    "model": "routes.station",
    "pk": 6,
    "fields": {
      "name": "Praha",
      "coordinate": "SRID=4326;POINT (14.42620255393778 50.077681764861744)",
      "stop_time": 20
    }
  },
  {
    "model": "routes.station",
    "pk": 7,
    "fields": {
      "name": "Vienna",
      "coordinate": "SRID=4326;POINT (16.35900531446897 48.236410433874475)",
      "stop_time": 20
    }
  },
  {
    "model": "routes.station",
    "pk": 8,
    "fields": {
      "name": "Brno",
      "coordinate": "SRID=4326;POINT (16.612886903047116 49.191106204280565)",
      "stop_time": 15
    }
  },
  {
    "model": "routes.station",
    "pk": 9,
    "fields": {
      "name": "Wroclaw",
      "coordinate": "SRID=4326;POINT (17.03742260636638 51.11451886696965)",
      "stop_time": 10
    }
  },
  {
    "model": "routes.route",
    "pk": 6,
    "fields": {
      "source": 2,
      "destination": 4,
      "stop_station": [
        3,
        5
      ]
    }
  },
  {
    "model": "routes.route",
    "pk": 8,
    "fields": {
      "source": 6,
      "destination": 8,
      "stop_station": [
        2,
        3
      ]
    }
  },
  {
    "model": "routes.route",
    "pk": 9,
    "fields": {
      "source": 6,
      "destination": 7,
      "stop_station": [
        2,
        3,
        5
      ]
    }
  },
  {
    "model": "routes.route",
    "pk": 11,
    "fields": {
      "source": 6,
      "destination": 8,
      "stop_station": []
    }
  },
  {
    "model": "routes.route",
    "pk": 15,
    "fields": {
      "source": 2,
      "destination": 9,
      "stop_station": [
        8,
        6
      ]
    }
  },
  {
    "model": "routes.route",
    "pk": 16,
    "fields": {
      "source": 7,
      "destination": 9,
      "stop_station": [
        8,
        2,
        4
      ]
    }
  },
  {
    "model": "journies.crew",
    "pk": 1,
    "fields": {
      "first_name": "Mark",
      "last_name": "Stark",
      "position": "Mechanic"
    }
  },
  {
    "model": "journies.crew",
    "pk": 3,
    "fields": {
      "first_name": "Walter",
      "last_name": "White",
      "position": "Driver"
    }
  },
  {
    "model": "journies.crew",
    "pk": 5,
    "fields": {
      "first_name": "Jessy",
      "last_name": "Pinckman",
      "position": "Stuart"
    }
  },
  {
    "model": "journies.crew",
    "pk": 6,
    "fields": {
      "first_name": "Gustavo",
      "last_name": "Frink",
      "position": "Ticket Collector"
    }
  },
  {
    "model": "journies.journey",
    "pk": 9,
    "fields": {
      "route": 6,
      "train": 2,
      "departure_time": "2023-11-15T20:40:36Z",
      "arrival_time": "2023-11-15T21:25:43.205Z",
      "trip_price": 7.0,
      "distance": 92,
      "crew": [
        1
      ]
    }
  },
  {
    "model": "journies.journey",
    "pk": 14,
    "fields": {
      "route": 15,
      "train": 6,
      "departure_time": "2024-02-21T20:31:25Z",
      "arrival_time": "2024-02-22T01:54:57.931Z",
      "trip_price": 42.0,
      "distance": 543,
      "crew": [
        1,
        6
      ]
    }
  },
  {
    "model": "journies.journey",
    "pk": 16,
    "fields": {
      "route": 8,
      "train": 3,
      "departure_time": "2024-01-23T20:50:15Z",
      "arrival_time": "2024-01-23T23:14:06.429Z",
      "trip_price": 42.0,
      "distance": 326,
      "crew": [
        1,
        3,
        6
      ]
    }
  },
  {
    "model": "journies.journey",
    "pk": 17,
    "fields": {
      "route": 16,
      "train": 7,
      "departure_time": "2024-02-08T20:50:38Z",
      "arrival_time": "2024-02-09T02:10:27.582Z",
      "trip_price": 76.0,
      "distance": 620,
      "crew": [
        1,
        3,
        5,
        6
      ]
    }
  },
  {
    "model":"admin.logentry",
    "pk":6,
    "fields":{
      "action_time":"2023-09-04T12:29:25.860Z",
      "user":1,
      "content_type":11,
      "object_id":"1",
      "object_repr":"Ceske Budejovice - Stare Hodejovice",
      "action_flag":3,
      "change_message":""
    }
  },
  {
    "model":"admin.logentry",
    "pk":7,
    "fields":{
      "action_time":"2023-09-04T12:29:30.350Z",
      "user":1,
      "content_type":11,
      "object_id":"2",
      "object_repr":"Ceske Budejovice - Stare Hodejovice",
      "action_flag":1,
      "change_message":"[{\"added\": {}}]"
    }
  },
  {
    "model":"admin.logentry",
    "pk":8,
    "fields":{
      "action_time":"2023-09-04T12:29:37.755Z",
      "user":1,
      "content_type":11,
      "object_id":"2",
      "object_repr":"Ceske Budejovice - Stare Hodejovice",
      "action_flag":3,
      "change_message":""
    }
  },
  {
    "model":"admin.logentry",
    "pk":9,
    "fields":{
      "action_time":"2023-09-04T12:36:40.157Z",
      "user":1,
      "content_type":11,
      "object_id":"3",
      "object_repr":"Ceske Budejovice - Stare Hodejovice",
      "action_flag":1,
      "change_message":"[{\"added\": {}}]"
    }
  },
  {
    "model":"admin.logentry",
    "pk":10,
    "fields":{
      "action_time":"2023-09-04T12:40:12.201Z",
      "user":1,
      "content_type":11,
      "object_id":"3",
      "object_repr":"Ceske Budejovice - Stare Hodejovice",
      "action_flag":3,
      "change_message":""
    }
  },
  {
    "model":"admin.logentry",
    "pk":11,
    "fields":{
      "action_time":"2023-09-04T12:42:15.783Z",
      "user":1,
      "content_type":10,
      "object_id":"2",
      "object_repr":"Ceske Budejovice",
      "action_flag":2,
      "change_message":"[{\"changed\": {\"fields\": [\"Coordinate\"]}}]"
    }
  },
  {
    "model":"admin.logentry",
    "pk":12,
    "fields":{
      "action_time":"2023-09-04T12:42:51.188Z",
      "user":1,
      "content_type":10,
      "object_id":"3",
      "object_repr":"Stare Hodejovice",
      "action_flag":2,
      "change_message":"[{\"changed\": {\"fields\": [\"Coordinate\"]}}]"
    }
  },
  {
    "model":"admin.logentry",
    "pk":13,
    "fields":{
      "action_time":"2023-09-04T12:43:13.905Z",
      "user":1,
      "content_type":10,
      "object_id":"3",
      "object_repr":"Stare Hodejovice",
      "action_flag":2,
      "change_message":"[{\"changed\": {\"fields\": [\"Coordinate\"]}}]"
    }
  },
  {
    "model":"admin.logentry",
    "pk":14,
    "fields":{
      "action_time":"2023-09-04T12:45:16.921Z",
      "user":1,
      "content_type":10,
      "object_id":"2",
      "object_repr":"Ceske Budejovice",
      "action_flag":2,
      "change_message":"[{\"changed\": {\"fields\": [\"Coordinate\"]}}]"
    }
  },
  {
    "model":"admin.logentry",
    "pk":15,
    "fields":{
      "action_time":"2023-09-04T12:45:33.224Z",
      "user":1,
      "content_type":10,
      "object_id":"3",
      "object_repr":"Stare Hodejovice",
      "action_flag":2,
      "change_message":"[{\"changed\": {\"fields\": [\"Coordinate\"]}}]"
    }
  },
  {
    "model":"admin.logentry",
    "pk":16,
    "fields":{
      "action_time":"2023-09-04T12:49:26.752Z",
      "user":1,
      "content_type":11,
      "object_id":"4",
      "object_repr":"Ceske Budejovice - Stare Hodejovice",
      "action_flag":1,
      "change_message":"[{\"added\": {}}]"
    }
  },
  {
    "model":"admin.logentry",
    "pk":17,
    "fields":{
      "action_time":"2023-09-04T13:09:15.329Z",
      "user":1,
      "content_type":10,
      "object_id":"2",
      "object_repr":"Ceske Budejovice",
      "action_flag":2,
      "change_message":"[{\"changed\": {\"fields\": [\"Coordinate\"]}}]"
    }
  },
  {
    "model":"admin.logentry",
    "pk":18,
    "fields":{
      "action_time":"2023-09-04T13:09:44.337Z",
      "user":1,
      "content_type":10,
      "object_id":"3",
      "object_repr":"Stare Hodejovice",
      "action_flag":2,
      "change_message":"[{\"changed\": {\"fields\": [\"Coordinate\"]}}]"
    }
  },
  {
    "model":"admin.logentry",
    "pk":19,
    "fields":{
      "action_time":"2023-09-04T13:10:03.584Z",
      "user":1,
      "content_type":10,
      "object_id":"4",
      "object_repr":"Gmund",
      "action_flag":1,
      "change_message":"[{\"added\": {}}]"
    }
  },
  {
    "model":"admin.logentry",
    "pk":20,
    "fields":{
      "action_time":"2023-09-04T13:10:16.525Z",
      "user":1,
      "content_type":11,
      "object_id":"4",
      "object_repr":"Ceske Budejovice - Stare Hodejovice",
      "action_flag":3,
      "change_message":""
    }
  },
  {
    "model":"admin.logentry",
    "pk":21,
    "fields":{
      "action_time":"2023-09-04T13:10:21.944Z",
      "user":1,
      "content_type":11,
      "object_id":"5",
      "object_repr":"Ceske Budejovice - Stare Hodejovice",
      "action_flag":1,
      "change_message":"[{\"added\": {}}]"
    }
  },
  {
    "model":"admin.logentry",
    "pk":22,
    "fields":{
      "action_time":"2023-09-04T13:10:28.402Z",
      "user":1,
      "content_type":11,
      "object_id":"6",
      "object_repr":"Ceske Budejovice - Gmund",
      "action_flag":1,
      "change_message":"[{\"added\": {}}]"
    }
  },
  {
    "model":"admin.logentry",
    "pk":23,
    "fields":{
      "action_time":"2023-09-04T13:10:36.367Z",
      "user":1,
      "content_type":11,
      "object_id":"7",
      "object_repr":"Stare Hodejovice - Gmund",
      "action_flag":1,
      "change_message":"[{\"added\": {}}]"
    }
  },
  {
    "model":"admin.logentry",
    "pk":24,
    "fields":{
      "action_time":"2023-09-04T17:30:55.201Z",
      "user":1,
      "content_type":9,
      "object_id":"1",
      "object_repr":"WC",
      "action_flag":1,
      "change_message":"[{\"added\": {}}]"
    }
  },
  {
    "model":"admin.logentry",
    "pk":25,
    "fields":{
      "action_time":"2023-09-04T17:30:59.758Z",
      "user":1,
      "content_type":9,
      "object_id":"2",
      "object_repr":"WIFI",
      "action_flag":1,
      "change_message":"[{\"added\": {}}]"
    }
  },
  {
    "model":"admin.logentry",
    "pk":26,
    "fields":{
      "action_time":"2023-09-04T17:31:10.789Z",
      "user":1,
      "content_type":7,
      "object_id":"1",
      "object_repr":"SuperCity Pendolino",
      "action_flag":1,
      "change_message":"[{\"added\": {}}]"
    }
  },
  {
    "model":"admin.logentry",
    "pk":27,
    "fields":{
      "action_time":"2023-09-04T17:31:45.100Z",
      "user":1,
      "content_type":8,
      "object_id":"1",
      "object_repr":"Ceske Budejovice - Cesky Krumlov",
      "action_flag":1,
      "change_message":"[{\"added\": {}}]"
    }
  },
  {
    "model":"admin.logentry",
    "pk":28,
    "fields":{
      "action_time":"2023-09-05T19:52:27.168Z",
      "user":1,
      "content_type":12,
      "object_id":"1",
      "object_repr":"Mark Stark",
      "action_flag":1,
      "change_message":"[{\"added\": {}}]"
    }
  },
  {
    "model":"admin.logentry",
    "pk":29,
    "fields":{
      "action_time":"2023-09-05T19:52:40.315Z",
      "user":1,
      "content_type":12,
      "object_id":"1",
      "object_repr":"Mark Stark",
      "action_flag":2,
      "change_message":"[{\"changed\": {\"fields\": [\"Position\"]}}]"
    }
  },
  {
    "model":"admin.logentry",
    "pk":30,
    "fields":{
      "action_time":"2023-09-05T19:53:04.071Z",
      "user":1,
      "content_type":12,
      "object_id":"2",
      "object_repr":"Taras Johns",
      "action_flag":1,
      "change_message":"[{\"added\": {}}]"
    }
  },
  {
    "model":"admin.logentry",
    "pk":31,
    "fields":{
      "action_time":"2023-09-05T19:54:09.530Z",
      "user":1,
      "content_type":8,
      "object_id":"2",
      "object_repr":"Ceske Budejovice - Gmund",
      "action_flag":1,
      "change_message":"[{\"added\": {}}]"
    }
  },
  {
    "model":"admin.logentry",
    "pk":32,
    "fields":{
      "action_time":"2023-09-05T19:55:16.967Z",
      "user":1,
      "content_type":13,
      "object_id":"1",
      "object_repr":"Ceske Budejovice - Gmund",
      "action_flag":1,
      "change_message":"[{\"added\": {}}]"
    }
  },
  {
    "model":"admin.logentry",
    "pk":33,
    "fields":{
      "action_time":"2023-09-05T19:55:34.263Z",
      "user":1,
      "content_type":13,
      "object_id":"1",
      "object_repr":"Ceske Budejovice - Gmund",
      "action_flag":3,
      "change_message":""
    }
  },
  {
    "model":"admin.logentry",
    "pk":34,
    "fields":{
      "action_time":"2023-09-05T19:56:01.467Z",
      "user":1,
      "content_type":13,
      "object_id":"2",
      "object_repr":"Ceske Budejovice - Gmund",
      "action_flag":1,
      "change_message":"[{\"added\": {}}]"
    }
  },
  {
    "model":"admin.logentry",
    "pk":35,
    "fields":{
      "action_time":"2023-09-05T19:58:19.761Z",
      "user":1,
      "content_type":13,
      "object_id":"3",
      "object_repr":"Ceske Budejovice - Gmund",
      "action_flag":1,
      "change_message":"[{\"added\": {}}]"
    }
  },
  {
    "model":"admin.logentry",
    "pk":36,
    "fields":{
      "action_time":"2023-09-05T20:00:16.167Z",
      "user":1,
      "content_type":13,
      "object_id":"2",
      "object_repr":"Ceske Budejovice - Gmund",
      "action_flag":3,
      "change_message":""
    }
  },
  {
    "model":"admin.logentry",
    "pk":37,
    "fields":{
      "action_time":"2023-09-05T20:00:16.170Z",
      "user":1,
      "content_type":13,
      "object_id":"3",
      "object_repr":"Ceske Budejovice - Gmund",
      "action_flag":3,
      "change_message":""
    }
  },
  {
    "model":"admin.logentry",
    "pk":38,
    "fields":{
      "action_time":"2023-09-05T20:25:33.915Z",
      "user":1,
      "content_type":10,
      "object_id":"2",
      "object_repr":"Ceske Budejovice",
      "action_flag":2,
      "change_message":"[{\"changed\": {\"fields\": [\"Stop time\"]}}]"
    }
  },
  {
    "model":"admin.logentry",
    "pk":39,
    "fields":{
      "action_time":"2023-09-05T20:25:40.939Z",
      "user":1,
      "content_type":10,
      "object_id":"4",
      "object_repr":"Gmund",
      "action_flag":2,
      "change_message":"[{\"changed\": {\"fields\": [\"Stop time\"]}}]"
    }
  },
  {
    "model":"admin.logentry",
    "pk":40,
    "fields":{
      "action_time":"2023-09-05T20:26:02.624Z",
      "user":1,
      "content_type":10,
      "object_id":"3",
      "object_repr":"Stare Hodejovice",
      "action_flag":2,
      "change_message":"[{\"changed\": {\"fields\": [\"Stop time\"]}}]"
    }
  },
  {
    "model":"admin.logentry",
    "pk":41,
    "fields":{
      "action_time":"2023-09-05T20:26:06.904Z",
      "user":1,
      "content_type":10,
      "object_id":"5",
      "object_repr":"Český Krumlov",
      "action_flag":2,
      "change_message":"[{\"changed\": {\"fields\": [\"Stop time\"]}}]"
    }
  },
  {
    "model":"admin.logentry",
    "pk":42,
    "fields":{
      "action_time":"2023-09-05T20:26:35.593Z",
      "user":1,
      "content_type":11,
      "object_id":"6",
      "object_repr":"Ceske Budejovice - Gmund",
      "action_flag":2,
      "change_message":"[{\"changed\": {\"fields\": [\"Stop station\"]}}]"
    }
  },
  {
    "model":"admin.logentry",
    "pk":43,
    "fields":{
      "action_time":"2023-09-05T20:39:56.314Z",
      "user":1,
      "content_type":13,
      "object_id":"4",
      "object_repr":"Ceske Budejovice - Gmund",
      "action_flag":1,
      "change_message":"[{\"added\": {}}]"
    }
  },
  {
    "model":"admin.logentry",
    "pk":44,
    "fields":{
      "action_time":"2023-09-05T20:40:25.282Z",
      "user":1,
      "content_type":13,
      "object_id":"4",
      "object_repr":"Ceske Budejovice - Gmund",
      "action_flag":3,
      "change_message":""
    }
  },
  {
    "model":"admin.logentry",
    "pk":45,
    "fields":{
      "action_time":"2023-09-05T20:40:38.234Z",
      "user":1,
      "content_type":13,
      "object_id":"5",
      "object_repr":"Ceske Budejovice - Gmund",
      "action_flag":1,
      "change_message":"[{\"added\": {}}]"
    }
  },
  {
    "model":"admin.logentry",
    "pk":46,
    "fields":{
      "action_time":"2023-09-05T20:41:22.603Z",
      "user":1,
      "content_type":13,
      "object_id":"5",
      "object_repr":"Ceske Budejovice - Gmund",
      "action_flag":3,
      "change_message":""
    }
  },
  {
    "model":"admin.logentry",
    "pk":47,
    "fields":{
      "action_time":"2023-09-05T21:14:33.312Z",
      "user":1,
      "content_type":13,
      "object_id":"6",
      "object_repr":"Stare Hodejovice - Gmund",
      "action_flag":1,
      "change_message":"[{\"added\": {}}]"
    }
  },
  {
    "model":"admin.logentry",
    "pk":48,
    "fields":{
      "action_time":"2023-09-05T21:14:43.454Z",
      "user":1,
      "content_type":13,
      "object_id":"6",
      "object_repr":"Stare Hodejovice - Gmund",
      "action_flag":3,
      "change_message":""
    }
  },
  {
    "model":"admin.logentry",
    "pk":49,
    "fields":{
      "action_time":"2023-09-06T07:10:28.435Z",
      "user":1,
      "content_type":13,
      "object_id":"7",
      "object_repr":"Ceske Budejovice - Gmund",
      "action_flag":1,
      "change_message":"[{\"added\": {}}]"
    }
  },
  {
    "model":"admin.logentry",
    "pk":50,
    "fields":{
      "action_time":"2023-09-06T07:10:33.881Z",
      "user":1,
      "content_type":13,
      "object_id":"7",
      "object_repr":"Ceske Budejovice - Gmund",
      "action_flag":3,
      "change_message":""
    }
  },
  {
    "model":"admin.logentry",
    "pk":51,
    "fields":{
      "action_time":"2023-09-06T07:13:08.905Z",
      "user":1,
      "content_type":13,
      "object_id":"8",
      "object_repr":"Ceske Budejovice - Gmund",
      "action_flag":1,
      "change_message":"[{\"added\": {}}]"
    }
  },
  {
    "model":"admin.logentry",
    "pk":52,
    "fields":{
      "action_time":"2023-09-06T07:13:45.095Z",
      "user":1,
      "content_type":13,
      "object_id":"8",
      "object_repr":"Ceske Budejovice - Gmund",
      "action_flag":3,
      "change_message":""
    }
  },
  {
    "model":"admin.logentry",
    "pk":53,
    "fields":{
      "action_time":"2023-09-06T07:14:02.653Z",
      "user":1,
      "content_type":13,
      "object_id":"9",
      "object_repr":"Ceske Budejovice - Gmund",
      "action_flag":1,
      "change_message":"[{\"added\": {}}]"
    }
  },
  {
    "model":"admin.logentry",
    "pk":54,
    "fields":{
      "action_time":"2023-09-06T07:14:32.358Z",
      "user":1,
      "content_type":14,
      "object_id":"1",
      "object_repr":"2023-09-06 07:14:32.355801+00:00",
      "action_flag":1,
      "change_message":"[{\"added\": {}}]"
    }
  },
  {
    "model":"admin.logentry",
    "pk":55,
    "fields":{
      "action_time":"2023-09-06T07:19:37.986Z",
      "user":1,
      "content_type":15,
      "object_id":"1",
      "object_repr":"Ceske Budejovice - Gmund (cargo: 2, seat: 3)",
      "action_flag":1,
      "change_message":"[{\"added\": {}}]"
    }
  },
  {
    "model":"admin.logentry",
    "pk":56,
    "fields":{
      "action_time":"2023-09-06T21:18:57.044Z",
      "user":1,
      "content_type":14,
      "object_id":"2",
      "object_repr":"2023-09-06 21:18:57.042937+00:00",
      "action_flag":1,
      "change_message":"[{\"added\": {}}]"
    }
  },
  {
    "model":"admin.logentry",
    "pk":57,
    "fields":{
      "action_time":"2023-09-06T21:19:00.943Z",
      "user":1,
      "content_type":14,
      "object_id":"3",
      "object_repr":"2023-09-06 21:19:00.941856+00:00",
      "action_flag":1,
      "change_message":"[{\"added\": {}}]"
    }
  },
  {
    "model":"admin.logentry",
    "pk":58,
    "fields":{
      "action_time":"2023-09-06T21:19:04.340Z",
      "user":1,
      "content_type":14,
      "object_id":"4",
      "object_repr":"2023-09-06 21:19:04.339138+00:00",
      "action_flag":1,
      "change_message":"[{\"added\": {}}]"
    }
  },
  {
    "model":"admin.logentry",
    "pk":59,
    "fields":{
      "action_time":"2023-09-07T06:24:54.199Z",
      "user":1,
      "content_type":15,
      "object_id":"2",
      "object_repr":"Ceske Budejovice - Gmund (cargo: 4, seat: 11)",
      "action_flag":1,
      "change_message":"[{\"added\": {}}]"
    }
  },
  {
    "model":"admin.logentry",
    "pk":60,
    "fields":{
      "action_time":"2023-09-07T20:28:16.380Z",
      "user":1,
      "content_type":13,
      "object_id":"10",
      "object_repr":"Ceske Budejovice - Stare Hodejovice",
      "action_flag":1,
      "change_message":"[{\"added\": {}}]"
    }
  },
  {
    "model":"admin.logentry",
    "pk":61,
    "fields":{
      "action_time":"2023-09-08T21:02:47.387Z",
      "user":1,
      "content_type":14,
      "object_id":"7",
      "object_repr":"2023-09-07 20:57:21.053442+00:00",
      "action_flag":3,
      "change_message":""
    }
  },
  {
    "model":"admin.logentry",
    "pk":62,
    "fields":{
      "action_time":"2023-09-08T21:02:47.390Z",
      "user":1,
      "content_type":14,
      "object_id":"6",
      "object_repr":"2023-09-07 20:52:34.671831+00:00",
      "action_flag":3,
      "change_message":""
    }
  },
  {
    "model":"admin.logentry",
    "pk":63,
    "fields":{
      "action_time":"2023-09-08T21:02:47.391Z",
      "user":1,
      "content_type":14,
      "object_id":"5",
      "object_repr":"2023-09-07 20:49:32.662156+00:00",
      "action_flag":3,
      "change_message":""
    }
  },
  {
    "model":"admin.logentry",
    "pk":64,
    "fields":{
      "action_time":"2023-09-08T21:02:47.392Z",
      "user":1,
      "content_type":14,
      "object_id":"4",
      "object_repr":"2023-09-06 21:19:04.339138+00:00",
      "action_flag":3,
      "change_message":""
    }
  },
  {
    "model":"admin.logentry",
    "pk":65,
    "fields":{
      "action_time":"2023-09-08T21:02:47.392Z",
      "user":1,
      "content_type":14,
      "object_id":"3",
      "object_repr":"2023-09-06 21:19:00.941856+00:00",
      "action_flag":3,
      "change_message":""
    }
  },
  {
    "model":"admin.logentry",
    "pk":66,
    "fields":{
      "action_time":"2023-09-08T21:02:47.393Z",
      "user":1,
      "content_type":14,
      "object_id":"2",
      "object_repr":"2023-09-06 21:18:57.042937+00:00",
      "action_flag":3,
      "change_message":""
    }
  },
  {
    "model":"admin.logentry",
    "pk":67,
    "fields":{
      "action_time":"2023-09-08T21:02:47.394Z",
      "user":1,
      "content_type":14,
      "object_id":"1",
      "object_repr":"2023-09-06 07:14:32.355801+00:00",
      "action_flag":3,
      "change_message":""
    }
  },
  {
    "model":"admin.logentry",
    "pk":68,
    "fields":{
      "action_time":"2023-09-08T21:02:55.687Z",
      "user":1,
      "content_type":14,
      "object_id":"8",
      "object_repr":"2023-09-08 21:02:55.686381+00:00",
      "action_flag":1,
      "change_message":"[{\"added\": {}}]"
    }
  },
  {
    "model":"admin.logentry",
    "pk":69,
    "fields":{
      "action_time":"2023-09-08T21:03:26.632Z",
      "user":1,
      "content_type":14,
      "object_id":"8",
      "object_repr":"2023-09-08 21:02:55.686381+00:00",
      "action_flag":3,
      "change_message":""
    }
  },
  {
    "model":"admin.logentry",
    "pk":70,
    "fields":{
      "action_time":"2023-09-08T21:23:25.326Z",
      "user":1,
      "content_type":16,
      "object_id":"1",
      "object_repr":"Payment #1: PAID PAYMENT for ticket #11",
      "action_flag":3,
      "change_message":""
    }
  },
  {
    "model":"admin.logentry",
    "pk":71,
    "fields":{
      "action_time":"2023-09-08T21:23:33.985Z",
      "user":1,
      "content_type":14,
      "object_id":"11",
      "object_repr":"2023-09-08 21:18:01.877099+00:00",
      "action_flag":3,
      "change_message":""
    }
  },
  {
    "model":"admin.logentry",
    "pk":72,
    "fields":{
      "action_time":"2023-09-08T21:28:39.247Z",
      "user":1,
      "content_type":16,
      "object_id":"4",
      "object_repr":"Payment #4: PENDING PAYMENT for ticket #14",
      "action_flag":3,
      "change_message":""
    }
  },
  {
    "model":"admin.logentry",
    "pk":73,
    "fields":{
      "action_time":"2023-09-08T21:28:39.251Z",
      "user":1,
      "content_type":16,
      "object_id":"3",
      "object_repr":"Payment #3: PENDING PAYMENT for ticket #13",
      "action_flag":3,
      "change_message":""
    }
  },
  {
    "model":"admin.logentry",
    "pk":74,
    "fields":{
      "action_time":"2023-09-08T21:28:39.253Z",
      "user":1,
      "content_type":16,
      "object_id":"2",
      "object_repr":"Payment #2: PENDING PAYMENT for ticket #12",
      "action_flag":3,
      "change_message":""
    }
  },
  {
    "model":"admin.logentry",
    "pk":75,
    "fields":{
      "action_time":"2023-09-08T21:28:45.747Z",
      "user":1,
      "content_type":14,
      "object_id":"14",
      "object_repr":"2023-09-08 21:26:23.345587+00:00",
      "action_flag":3,
      "change_message":""
    }
  },
  {
    "model":"admin.logentry",
    "pk":76,
    "fields":{
      "action_time":"2023-09-08T21:28:45.749Z",
      "user":1,
      "content_type":14,
      "object_id":"13",
      "object_repr":"2023-09-08 21:26:13.455196+00:00",
      "action_flag":3,
      "change_message":""
    }
  },
  {
    "model":"admin.logentry",
    "pk":77,
    "fields":{
      "action_time":"2023-09-08T21:28:45.750Z",
      "user":1,
      "content_type":14,
      "object_id":"12",
      "object_repr":"2023-09-08 21:26:04.597908+00:00",
      "action_flag":3,
      "change_message":""
    }
  },
  {
    "model":"admin.logentry",
    "pk":78,
    "fields":{
      "action_time":"2023-09-08T21:54:55.943Z",
      "user":1,
      "content_type":6,
      "object_id":"2",
      "object_repr":"godspeed.you.black1849@gmail.com",
      "action_flag":1,
      "change_message":"[{\"added\": {}}]"
    }
  },
  {
    "model":"admin.logentry",
    "pk":79,
    "fields":{
      "action_time":"2023-09-08T21:55:24.507Z",
      "user":1,
      "content_type":6,
      "object_id":"2",
      "object_repr":"godspeed.you.black1849@gmail.com",
      "action_flag":2,
      "change_message":"[{\"changed\": {\"fields\": [\"First name\", \"Last name\"]}}]"
    }
  },
  {
    "model":"admin.logentry",
    "pk":80,
    "fields":{
      "action_time":"2023-09-09T19:18:05.411Z",
      "user":1,
      "content_type":6,
      "object_id":"2",
      "object_repr":"bythewaters800@gmail.com",
      "action_flag":2,
      "change_message":"[{\"changed\": {\"fields\": [\"Email address\"]}}]"
    }
  },
  {
    "model":"admin.logentry",
    "pk":81,
    "fields":{
      "action_time":"2023-09-09T19:18:26.306Z",
      "user":1,
      "content_type":14,
      "object_id":"15",
      "object_repr":"2023-09-08 21:29:53.428192+00:00",
      "action_flag":3,
      "change_message":""
    }
  },
  {
    "model":"admin.logentry",
    "pk":82,
    "fields":{
      "action_time":"2023-09-09T19:45:53.438Z",
      "user":1,
      "content_type":16,
      "object_id":"6",
      "object_repr":"Payment #6: PAID PAYMENT for ticket #19",
      "action_flag":3,
      "change_message":""
    }
  },
  {
    "model":"admin.logentry",
    "pk":83,
    "fields":{
      "action_time":"2023-09-09T19:46:01.804Z",
      "user":1,
      "content_type":14,
      "object_id":"19",
      "object_repr":"2023-09-09 19:44:03.498565+00:00",
      "action_flag":3,
      "change_message":""
    }
  },
  {
    "model":"admin.logentry",
    "pk":84,
    "fields":{
      "action_time":"2023-09-09T19:47:15.449Z",
      "user":1,
      "content_type":14,
      "object_id":"20",
      "object_repr":"2023-09-09 19:47:15.448548+00:00",
      "action_flag":1,
      "change_message":"[{\"added\": {}}]"
    }
  },
  {
    "model":"admin.logentry",
    "pk":85,
    "fields":{
      "action_time":"2023-09-09T19:47:31.356Z",
      "user":1,
      "content_type":15,
      "object_id":"19",
      "object_repr":"Ceske Budejovice - Gmund (cargo: 1, seat: 1)",
      "action_flag":1,
      "change_message":"[{\"added\": {}}]"
    }
  },
  {
    "model":"admin.logentry",
    "pk":86,
    "fields":{
      "action_time":"2023-09-09T19:48:02.172Z",
      "user":1,
      "content_type":14,
      "object_id":"20",
      "object_repr":"2023-09-09 19:47:15.448548+00:00",
      "action_flag":3,
      "change_message":""
    }
  },
  {
    "model":"admin.logentry",
    "pk":87,
    "fields":{
      "action_time":"2023-09-09T19:52:48.319Z",
      "user":1,
      "content_type":16,
      "object_id":"7",
      "object_repr":"Payment #7: PENDING PAYMENT for ticket #21",
      "action_flag":3,
      "change_message":""
    }
  },
  {
    "model":"admin.logentry",
    "pk":88,
    "fields":{
      "action_time":"2023-09-09T19:52:57.059Z",
      "user":1,
      "content_type":14,
      "object_id":"21",
      "object_repr":"2023-09-09 19:48:22.479726+00:00",
      "action_flag":3,
      "change_message":""
    }
  },
  {
    "model":"admin.logentry",
    "pk":89,
    "fields":{
      "action_time":"2023-09-09T20:24:57.071Z",
      "user":1,
      "content_type":16,
      "object_id":"8",
      "object_repr":"Payment #8: PAID PAYMENT for ticket #22",
      "action_flag":3,
      "change_message":""
    }
  },
  {
    "model":"admin.logentry",
    "pk":90,
    "fields":{
      "action_time":"2023-09-09T20:25:03.222Z",
      "user":1,
      "content_type":14,
      "object_id":"22",
      "object_repr":"2023-09-09 19:53:54.664439+00:00",
      "action_flag":3,
      "change_message":""
    }
  },
  {
    "model":"admin.logentry",
    "pk":91,
    "fields":{
      "action_time":"2023-09-10T19:04:47.609Z",
      "user":1,
      "content_type":14,
      "object_id":"32",
      "object_repr":"2023-09-10 15:11:05.359440+00:00",
      "action_flag":3,
      "change_message":""
    }
  },
  {
    "model":"admin.logentry",
    "pk":92,
    "fields":{
      "action_time":"2023-09-10T19:04:47.612Z",
      "user":1,
      "content_type":14,
      "object_id":"30",
      "object_repr":"2023-09-10 15:10:31.750023+00:00",
      "action_flag":3,
      "change_message":""
    }
  },
  {
    "model":"admin.logentry",
    "pk":93,
    "fields":{
      "action_time":"2023-09-10T19:04:47.613Z",
      "user":1,
      "content_type":14,
      "object_id":"29",
      "object_repr":"2023-09-10 13:17:34.830345+00:00",
      "action_flag":3,
      "change_message":""
    }
  },
  {
    "model":"admin.logentry",
    "pk":94,
    "fields":{
      "action_time":"2023-09-10T19:04:47.613Z",
      "user":1,
      "content_type":14,
      "object_id":"28",
      "object_repr":"2023-09-09 21:03:14.591714+00:00",
      "action_flag":3,
      "change_message":""
    }
  },
  {
    "model":"admin.logentry",
    "pk":95,
    "fields":{
      "action_time":"2023-09-10T19:04:47.614Z",
      "user":1,
      "content_type":14,
      "object_id":"27",
      "object_repr":"2023-09-09 20:52:05.624105+00:00",
      "action_flag":3,
      "change_message":""
    }
  },
  {
    "model":"admin.logentry",
    "pk":96,
    "fields":{
      "action_time":"2023-09-10T19:04:47.615Z",
      "user":1,
      "content_type":14,
      "object_id":"26",
      "object_repr":"2023-09-09 20:46:36.399591+00:00",
      "action_flag":3,
      "change_message":""
    }
  },
  {
    "model":"admin.logentry",
    "pk":97,
    "fields":{
      "action_time":"2023-09-10T19:04:47.615Z",
      "user":1,
      "content_type":14,
      "object_id":"25",
      "object_repr":"2023-09-09 20:42:58.440788+00:00",
      "action_flag":3,
      "change_message":""
    }
  },
  {
    "model":"admin.logentry",
    "pk":98,
    "fields":{
      "action_time":"2023-09-10T19:04:47.616Z",
      "user":1,
      "content_type":14,
      "object_id":"24",
      "object_repr":"2023-09-09 20:32:41.780918+00:00",
      "action_flag":3,
      "change_message":""
    }
  },
  {
    "model":"admin.logentry",
    "pk":99,
    "fields":{
      "action_time":"2023-09-10T19:04:47.616Z",
      "user":1,
      "content_type":14,
      "object_id":"23",
      "object_repr":"2023-09-09 20:25:47.201790+00:00",
      "action_flag":3,
      "change_message":""
    }
  },
  {
    "model":"admin.logentry",
    "pk":100,
    "fields":{
      "action_time":"2023-09-10T19:39:06.691Z",
      "user":1,
      "content_type":16,
      "object_id":"20",
      "object_repr":"Payment #20: PENDING PAYMENT for ticket #36",
      "action_flag":3,
      "change_message":""
    }
  },
  {
    "model":"admin.logentry",
    "pk":101,
    "fields":{
      "action_time":"2023-09-10T19:39:06.696Z",
      "user":1,
      "content_type":16,
      "object_id":"19",
      "object_repr":"Payment #19: PENDING PAYMENT for ticket #35",
      "action_flag":3,
      "change_message":""
    }
  },
  {
    "model":"admin.logentry",
    "pk":102,
    "fields":{
      "action_time":"2023-09-10T19:39:06.697Z",
      "user":1,
      "content_type":16,
      "object_id":"18",
      "object_repr":"Payment #18: PENDING PAYMENT for ticket #33",
      "action_flag":3,
      "change_message":""
    }
  },
  {
    "model":"admin.logentry",
    "pk":103,
    "fields":{
      "action_time":"2023-09-10T19:39:12.883Z",
      "user":1,
      "content_type":14,
      "object_id":"36",
      "object_repr":"2023-09-10 19:30:27.793998+00:00",
      "action_flag":3,
      "change_message":""
    }
  },
  {
    "model":"admin.logentry",
    "pk":104,
    "fields":{
      "action_time":"2023-09-10T19:39:12.895Z",
      "user":1,
      "content_type":14,
      "object_id":"35",
      "object_repr":"2023-09-10 19:14:14.082903+00:00",
      "action_flag":3,
      "change_message":""
    }
  },
  {
    "model":"admin.logentry",
    "pk":105,
    "fields":{
      "action_time":"2023-09-10T19:39:12.896Z",
      "user":1,
      "content_type":14,
      "object_id":"33",
      "object_repr":"2023-09-10 19:07:24.046227+00:00",
      "action_flag":3,
      "change_message":""
    }
  },
  {
    "model":"admin.logentry",
    "pk":106,
    "fields":{
      "action_time":"2023-09-10T19:40:16.089Z",
      "user":1,
      "content_type":9,
      "object_id":"3",
      "object_repr":"Air-conditioning",
      "action_flag":1,
      "change_message":"[{\"added\": {}}]"
    }
  },
  {
    "model":"admin.logentry",
    "pk":107,
    "fields":{
      "action_time":"2023-09-10T19:40:32.869Z",
      "user":1,
      "content_type":9,
      "object_id":"4",
      "object_repr":"Bistro carriage",
      "action_flag":1,
      "change_message":"[{\"added\": {}}]"
    }
  },
  {
    "model":"admin.logentry",
    "pk":108,
    "fields":{
      "action_time":"2023-09-10T19:40:47.429Z",
      "user":1,
      "content_type":9,
      "object_id":"5",
      "object_repr":"In-seat refreshment service",
      "action_flag":1,
      "change_message":"[{\"added\": {}}]"
    }
  },
  {
    "model":"admin.logentry",
    "pk":109,
    "fields":{
      "action_time":"2023-09-10T19:40:55.912Z",
      "user":1,
      "content_type":9,
      "object_id":"6",
      "object_repr":"230V electrical sockets",
      "action_flag":1,
      "change_message":"[{\"added\": {}}]"
    }
  },
  {
    "model":"admin.logentry",
    "pk":110,
    "fields":{
      "action_time":"2023-09-10T19:41:11.551Z",
      "user":1,
      "content_type":9,
      "object_id":"7",
      "object_repr":"An audio-visual information system",
      "action_flag":1,
      "change_message":"[{\"added\": {}}]"
    }
  },
  {
    "model":"admin.logentry",
    "pk":111,
    "fields":{
      "action_time":"2023-09-10T19:41:20.798Z",
      "user":1,
      "content_type":9,
      "object_id":"8",
      "object_repr":"A carriage suitable for transporting passengers using wheelchairs",
      "action_flag":1,
      "change_message":"[{\"added\": {}}]"
    }
  },
  {
    "model":"admin.logentry",
    "pk":112,
    "fields":{
      "action_time":"2023-09-10T19:41:29.299Z",
      "user":1,
      "content_type":9,
      "object_id":"9",
      "object_repr":"A quiet section",
      "action_flag":1,
      "change_message":"[{\"added\": {}}]"
    }
  },
  {
    "model":"admin.logentry",
    "pk":113,
    "fields":{
      "action_time":"2023-09-10T19:42:03.560Z",
      "user":1,
      "content_type":9,
      "object_id":"10",
      "object_repr":"transport of oversized luggage with required reservation of a space",
      "action_flag":1,
      "change_message":"[{\"added\": {}}]"
    }
  },
  {
    "model":"admin.logentry",
    "pk":114,
    "fields":{
      "action_time":"2023-09-10T19:42:12.843Z",
      "user":1,
      "content_type":9,
      "object_id":"11",
      "object_repr":"An on-board entertainment and information portal",
      "action_flag":1,
      "change_message":"[{\"added\": {}}]"
    }
  },
  {
    "model":"admin.logentry",
    "pk":115,
    "fields":{
      "action_time":"2023-09-10T19:42:29.050Z",
      "user":1,
      "content_type":9,
      "object_id":"12",
      "object_repr":"Bonus services in 1st and 2nd class",
      "action_flag":1,
      "change_message":"[{\"added\": {}}]"
    }
  },
  {
    "model":"admin.logentry",
    "pk":116,
    "fields":{
      "action_time":"2023-09-10T19:43:23.558Z",
      "user":1,
      "content_type":7,
      "object_id":"1",
      "object_repr":"SuperCity Pendolino",
      "action_flag":2,
      "change_message":"[{\"changed\": {\"fields\": [\"Services\"]}}]"
    }
  },
  {
    "model":"admin.logentry",
    "pk":117,
    "fields":{
      "action_time":"2023-09-10T19:44:24.907Z",
      "user":1,
      "content_type":7,
      "object_id":"2",
      "object_repr":"Railjet",
      "action_flag":1,
      "change_message":"[{\"added\": {}}]"
    }
  },
  {
    "model":"admin.logentry",
    "pk":118,
    "fields":{
      "action_time":"2023-09-10T19:44:58.990Z",
      "user":1,
      "content_type":7,
      "object_id":"3",
      "object_repr":"InterCity",
      "action_flag":1,
      "change_message":"[{\"added\": {}}]"
    }
  },
  {
    "model":"admin.logentry",
    "pk":119,
    "fields":{
      "action_time":"2023-09-10T19:45:16.448Z",
      "user":1,
      "content_type":7,
      "object_id":"4",
      "object_repr":"EuroCity",
      "action_flag":1,
      "change_message":"[{\"added\": {}}]"
    }
  },
  {
    "model":"admin.logentry",
    "pk":120,
    "fields":{
      "action_time":"2023-09-10T19:46:00.043Z",
      "user":1,
      "content_type":7,
      "object_id":"5",
      "object_repr":"InterPanter",
      "action_flag":1,
      "change_message":"[{\"added\": {}}]"
    }
  },
  {
    "model":"admin.logentry",
    "pk":121,
    "fields":{
      "action_time":"2023-09-10T19:46:29.864Z",
      "user":1,
      "content_type":8,
      "object_id":"3",
      "object_repr":"Praha - Brno",
      "action_flag":1,
      "change_message":"[{\"added\": {}}]"
    }
  },
  {
    "model":"admin.logentry",
    "pk":122,
    "fields":{
      "action_time":"2023-09-10T19:46:58.961Z",
      "user":1,
      "content_type":8,
      "object_id":"4",
      "object_repr":"Praha - Wroclaw",
      "action_flag":1,
      "change_message":"[{\"added\": {}}]"
    }
  },
  {
    "model":"admin.logentry",
    "pk":123,
    "fields":{
      "action_time":"2023-09-10T19:47:42.849Z",
      "user":1,
      "content_type":8,
      "object_id":"5",
      "object_repr":"Praha - Vienna",
      "action_flag":1,
      "change_message":"[{\"added\": {}}]"
    }
  },
  {
    "model":"admin.logentry",
    "pk":124,
    "fields":{
      "action_time":"2023-09-10T19:48:02.071Z",
      "user":1,
      "content_type":12,
      "object_id":"3",
      "object_repr":"Walter White",
      "action_flag":1,
      "change_message":"[{\"added\": {}}]"
    }
  },
  {
    "model":"admin.logentry",
    "pk":125,
    "fields":{
      "action_time":"2023-09-10T19:49:02.373Z",
      "user":1,
      "content_type":12,
      "object_id":"4",
      "object_repr":"Jessy Pinckman",
      "action_flag":1,
      "change_message":"[{\"added\": {}}]"
    }
  },
  {
    "model":"admin.logentry",
    "pk":126,
    "fields":{
      "action_time":"2023-09-10T19:49:02.386Z",
      "user":1,
      "content_type":12,
      "object_id":"5",
      "object_repr":"Jessy Pinckman",
      "action_flag":1,
      "change_message":"[{\"added\": {}}]"
    }
  },
  {
    "model":"admin.logentry",
    "pk":127,
    "fields":{
      "action_time":"2023-09-10T19:49:09.057Z",
      "user":1,
      "content_type":12,
      "object_id":"2",
      "object_repr":"Taras Johns",
      "action_flag":3,
      "change_message":""
    }
  },
  {
    "model":"admin.logentry",
    "pk":128,
    "fields":{
      "action_time":"2023-09-10T19:49:22.021Z",
      "user":1,
      "content_type":12,
      "object_id":"4",
      "object_repr":"Jessy Pinckman",
      "action_flag":3,
      "change_message":""
    }
  },
  {
    "model":"admin.logentry",
    "pk":129,
    "fields":{
      "action_time":"2023-09-10T19:50:23.252Z",
      "user":1,
      "content_type":12,
      "object_id":"6",
      "object_repr":"Gustavo Frink",
      "action_flag":1,
      "change_message":"[{\"added\": {}}]"
    }
  },
  {
    "model":"admin.logentry",
    "pk":130,
    "fields":{
      "action_time":"2023-09-10T19:50:29.141Z",
      "user":1,
      "content_type":12,
      "object_id":"5",
      "object_repr":"Jessy Pinckman",
      "action_flag":2,
      "change_message":"[{\"changed\": {\"fields\": [\"Position\"]}}]"
    }
  },
  {
    "model":"admin.logentry",
    "pk":131,
    "fields":{
      "action_time":"2023-09-10T19:51:00.691Z",
      "user":1,
      "content_type":11,
      "object_id":"7",
      "object_repr":"Stare Hodejovice - Gmund",
      "action_flag":3,
      "change_message":""
    }
  },
  {
    "model":"admin.logentry",
    "pk":132,
    "fields":{
      "action_time":"2023-09-10T19:51:43.167Z",
      "user":1,
      "content_type":10,
      "object_id":"6",
      "object_repr":"Praha",
      "action_flag":1,
      "change_message":"[{\"added\": {}}]"
    }
  },
  {
    "model":"admin.logentry",
    "pk":133,
    "fields":{
      "action_time":"2023-09-10T19:52:05.121Z",
      "user":1,
      "content_type":10,
      "object_id":"7",
      "object_repr":"Vienna",
      "action_flag":1,
      "change_message":"[{\"added\": {}}]"
    }
  },
  {
    "model":"admin.logentry",
    "pk":134,
    "fields":{
      "action_time":"2023-09-10T19:52:27.807Z",
      "user":1,
      "content_type":10,
      "object_id":"8",
      "object_repr":"Brno",
      "action_flag":1,
      "change_message":"[{\"added\": {}}]"
    }
  },
  {
    "model":"admin.logentry",
    "pk":135,
    "fields":{
      "action_time":"2023-09-10T19:53:16.434Z",
      "user":1,
      "content_type":10,
      "object_id":"9",
      "object_repr":"Wroclaw",
      "action_flag":1,
      "change_message":"[{\"added\": {}}]"
    }
  },
  {
    "model":"admin.logentry",
    "pk":136,
    "fields":{
      "action_time":"2023-09-10T19:54:03.489Z",
      "user":1,
      "content_type":11,
      "object_id":"8",
      "object_repr":"Praha - Brno",
      "action_flag":1,
      "change_message":"[{\"added\": {}}]"
    }
  },
  {
    "model":"admin.logentry",
    "pk":137,
    "fields":{
      "action_time":"2023-09-10T19:54:23.093Z",
      "user":1,
      "content_type":11,
      "object_id":"9",
      "object_repr":"Praha - Vienna",
      "action_flag":1,
      "change_message":"[{\"added\": {}}]"
    }
  },
  {
    "model":"admin.logentry",
    "pk":138,
    "fields":{
      "action_time":"2023-09-10T19:54:40.425Z",
      "user":1,
      "content_type":11,
      "object_id":"10",
      "object_repr":"Praha - Wroclaw",
      "action_flag":1,
      "change_message":"[{\"added\": {}}]"
    }
  },
  {
    "model":"admin.logentry",
    "pk":139,
    "fields":{
      "action_time":"2023-09-10T19:54:47.788Z",
      "user":1,
      "content_type":11,
      "object_id":"11",
      "object_repr":"Praha - Brno",
      "action_flag":1,
      "change_message":"[{\"added\": {}}]"
    }
  },
  {
    "model":"admin.logentry",
    "pk":140,
    "fields":{
      "action_time":"2023-09-10T19:55:06.765Z",
      "user":1,
      "content_type":11,
      "object_id":"12",
      "object_repr":"Ceske Budejovice - Wroclaw",
      "action_flag":1,
      "change_message":"[{\"added\": {}}]"
    }
  },
  {
    "model":"admin.logentry",
    "pk":141,
    "fields":{
      "action_time":"2023-09-10T19:59:32.788Z",
      "user":1,
      "content_type":11,
      "object_id":"12",
      "object_repr":"Ceske Budejovice - Wroclaw",
      "action_flag":3,
      "change_message":""
    }
  },
  {
    "model":"admin.logentry",
    "pk":142,
    "fields":{
      "action_time":"2023-09-10T20:04:40.862Z",
      "user":1,
      "content_type":11,
      "object_id":"10",
      "object_repr":"Praha - Wroclaw",
      "action_flag":3,
      "change_message":""
    }
  },
  {
    "model":"admin.logentry",
    "pk":143,
    "fields":{
      "action_time":"2023-09-10T20:05:08.595Z",
      "user":1,
      "content_type":11,
      "object_id":"13",
      "object_repr":"Ceske Budejovice - Wroclaw",
      "action_flag":1,
      "change_message":"[{\"added\": {}}]"
    }
  },
  {
    "model":"admin.logentry",
    "pk":144,
    "fields":{
      "action_time":"2023-09-10T20:06:02.416Z",
      "user":1,
      "content_type":11,
      "object_id":"14",
      "object_repr":"Brno - Praha",
      "action_flag":1,
      "change_message":"[{\"added\": {}}]"
    }
  },
  {
    "model":"admin.logentry",
    "pk":145,
    "fields":{
      "action_time":"2023-09-10T20:06:08.760Z",
      "user":1,
      "content_type":11,
      "object_id":"14",
      "object_repr":"Brno - Praha",
      "action_flag":3,
      "change_message":""
    }
  },
  {
    "model":"admin.logentry",
    "pk":146,
    "fields":{
      "action_time":"2023-09-10T20:06:12.878Z",
      "user":1,
      "content_type":11,
      "object_id":"13",
      "object_repr":"Ceske Budejovice - Wroclaw",
      "action_flag":3,
      "change_message":""
    }
  },
  {
    "model":"admin.logentry",
    "pk":147,
    "fields":{
      "action_time":"2023-09-10T20:21:23.755Z",
      "user":1,
      "content_type":13,
      "object_id":"11",
      "object_repr":"Praha - Vienna",
      "action_flag":1,
      "change_message":"[{\"added\": {}}]"
    }
  },
  {
    "model":"admin.logentry",
    "pk":148,
    "fields":{
      "action_time":"2023-09-10T20:23:36.742Z",
      "user":1,
      "content_type":13,
      "object_id":"11",
      "object_repr":"Praha - Vienna",
      "action_flag":3,
      "change_message":""
    }
  },
  {
    "model":"admin.logentry",
    "pk":149,
    "fields":{
      "action_time":"2023-09-10T20:23:57.089Z",
      "user":1,
      "content_type":11,
      "object_id":"15",
      "object_repr":"Ceske Budejovice - Wroclaw",
      "action_flag":1,
      "change_message":"[{\"added\": {}}]"
    }
  },
  {
    "model":"admin.logentry",
    "pk":150,
    "fields":{
      "action_time":"2023-09-10T20:26:18.609Z",
      "user":1,
      "content_type":8,
      "object_id":"6",
      "object_repr":"Ceske Budejovice - Wroclaw",
      "action_flag":1,
      "change_message":"[{\"added\": {}}]"
    }
  },
  {
    "model":"admin.logentry",
    "pk":151,
    "fields":{
      "action_time":"2023-09-10T20:26:40.801Z",
      "user":1,
      "content_type":13,
      "object_id":"12",
      "object_repr":"Ceske Budejovice - Wroclaw",
      "action_flag":1,
      "change_message":"[{\"added\": {}}]"
    }
  },
  {
    "model":"admin.logentry",
    "pk":152,
    "fields":{
      "action_time":"2023-09-10T20:29:11.577Z",
      "user":1,
      "content_type":13,
      "object_id":"13",
      "object_repr":"Ceske Budejovice - Wroclaw",
      "action_flag":1,
      "change_message":"[{\"added\": {}}]"
    }
  },
  {
    "model":"admin.logentry",
    "pk":153,
    "fields":{
      "action_time":"2023-09-10T20:29:18.089Z",
      "user":1,
      "content_type":13,
      "object_id":"13",
      "object_repr":"Ceske Budejovice - Wroclaw",
      "action_flag":3,
      "change_message":""
    }
  },
  {
    "model":"admin.logentry",
    "pk":154,
    "fields":{
      "action_time":"2023-09-10T20:29:18.091Z",
      "user":1,
      "content_type":13,
      "object_id":"12",
      "object_repr":"Ceske Budejovice - Wroclaw",
      "action_flag":3,
      "change_message":""
    }
  },
  {
    "model":"admin.logentry",
    "pk":155,
    "fields":{
      "action_time":"2023-09-10T20:31:26.879Z",
      "user":1,
      "content_type":13,
      "object_id":"14",
      "object_repr":"Ceske Budejovice - Wroclaw",
      "action_flag":1,
      "change_message":"[{\"added\": {}}]"
    }
  },
  {
    "model":"admin.logentry",
    "pk":156,
    "fields":{
      "action_time":"2023-09-10T20:35:50.031Z",
      "user":1,
      "content_type":11,
      "object_id":"5",
      "object_repr":"Ceske Budejovice - Stare Hodejovice",
      "action_flag":3,
      "change_message":""
    }
  },
  {
    "model":"admin.logentry",
    "pk":157,
    "fields":{
      "action_time":"2023-09-10T20:36:23.708Z",
      "user":1,
      "content_type":11,
      "object_id":"16",
      "object_repr":"Vienna - Wroclaw",
      "action_flag":1,
      "change_message":"[{\"added\": {}}]"
    }
  },
  {
    "model":"admin.logentry",
    "pk":158,
    "fields":{
      "action_time":"2023-09-10T20:38:13.235Z",
      "user":1,
      "content_type":8,
      "object_id":"7",
      "object_repr":"Vienna #230",
      "action_flag":1,
      "change_message":"[{\"added\": {}}]"
    }
  },
  {
    "model":"admin.logentry",
    "pk":159,
    "fields":{
      "action_time":"2023-09-10T20:38:28.444Z",
      "user":1,
      "content_type":8,
      "object_id":"4",
      "object_repr":"Praha #340",
      "action_flag":2,
      "change_message":"[{\"changed\": {\"fields\": [\"Name\"]}}]"
    }
  },
  {
    "model":"admin.logentry",
    "pk":160,
    "fields":{
      "action_time":"2023-09-10T20:38:38.401Z",
      "user":1,
      "content_type":8,
      "object_id":"5",
      "object_repr":"Praha #300",
      "action_flag":2,
      "change_message":"[{\"changed\": {\"fields\": [\"Name\"]}}]"
    }
  },
  {
    "model":"admin.logentry",
    "pk":161,
    "fields":{
      "action_time":"2023-09-10T20:38:47.013Z",
      "user":1,
      "content_type":8,
      "object_id":"3",
      "object_repr":"Praha #240",
      "action_flag":2,
      "change_message":"[{\"changed\": {\"fields\": [\"Name\"]}}]"
    }
  },
  {
    "model":"admin.logentry",
    "pk":162,
    "fields":{
      "action_time":"2023-09-10T20:38:56.760Z",
      "user":1,
      "content_type":8,
      "object_id":"6",
      "object_repr":"Ceske Budejovice #400",
      "action_flag":2,
      "change_message":"[{\"changed\": {\"fields\": [\"Name\"]}}]"
    }
  },
  {
    "model":"admin.logentry",
    "pk":163,
    "fields":{
      "action_time":"2023-09-10T20:39:05.807Z",
      "user":1,
      "content_type":8,
      "object_id":"2",
      "object_repr":"Ceske Budejovice #111",
      "action_flag":2,
      "change_message":"[{\"changed\": {\"fields\": [\"Name\"]}}]"
    }
  },
  {
    "model":"admin.logentry",
    "pk":164,
    "fields":{
      "action_time":"2023-09-10T20:39:13.069Z",
      "user":1,
      "content_type":8,
      "object_id":"1",
      "object_repr":"Ceske Budejovice #123",
      "action_flag":2,
      "change_message":"[{\"changed\": {\"fields\": [\"Name\"]}}]"
    }
  },
  {
    "model":"admin.logentry",
    "pk":165,
    "fields":{
      "action_time":"2023-09-10T20:47:00.163Z",
      "user":1,
      "content_type":13,
      "object_id":"15",
      "object_repr":"Praha - Brno",
      "action_flag":1,
      "change_message":"[{\"added\": {}}]"
    }
  },
  {
    "model":"admin.logentry",
    "pk":166,
    "fields":{
      "action_time":"2023-09-10T20:47:11.835Z",
      "user":1,
      "content_type":13,
      "object_id":"15",
      "object_repr":"Praha - Brno",
      "action_flag":3,
      "change_message":""
    }
  },
  {
    "model":"admin.logentry",
    "pk":167,
    "fields":{
      "action_time":"2023-09-10T20:49:56.145Z",
      "user":1,
      "content_type":13,
      "object_id":"9",
      "object_repr":"Ceske Budejovice - Gmund",
      "action_flag":2,
      "change_message":"[{\"changed\": {\"fields\": [\"Departure time\"]}}]"
    }
  },
  {
    "model":"admin.logentry",
    "pk":168,
    "fields":{
      "action_time":"2023-09-10T20:50:02.084Z",
      "user":1,
      "content_type":13,
      "object_id":"14",
      "object_repr":"Ceske Budejovice - Wroclaw",
      "action_flag":2,
      "change_message":"[{\"changed\": {\"fields\": [\"Departure time\"]}}]"
    }
  },
  {
    "model":"admin.logentry",
    "pk":169,
    "fields":{
      "action_time":"2023-09-10T20:50:19.685Z",
      "user":1,
      "content_type":13,
      "object_id":"16",
      "object_repr":"Praha - Brno",
      "action_flag":1,
      "change_message":"[{\"added\": {}}]"
    }
  },
  {
    "model":"admin.logentry",
    "pk":170,
    "fields":{
      "action_time":"2023-09-10T20:50:43.684Z",
      "user":1,
      "content_type":13,
      "object_id":"17",
      "object_repr":"Vienna - Wroclaw",
      "action_flag":1,
      "change_message":"[{\"added\": {}}]"
    }
  },
  {
    "model":"auth.permission",
    "pk":1,
    "fields":{
      "name":"Can add log entry",
      "content_type":1,
      "codename":"add_logentry"
    }
  },
  {
    "model":"auth.permission",
    "pk":2,
    "fields":{
      "name":"Can change log entry",
      "content_type":1,
      "codename":"change_logentry"
    }
  },
  {
    "model":"auth.permission",
    "pk":3,
    "fields":{
      "name":"Can delete log entry",
      "content_type":1,
      "codename":"delete_logentry"
    }
  },
  {
    "model":"auth.permission",
    "pk":4,
    "fields":{
      "name":"Can view log entry",
      "content_type":1,
      "codename":"view_logentry"
    }
  },
  {
    "model":"auth.permission",
    "pk":5,
    "fields":{
      "name":"Can add permission",
      "content_type":2,
      "codename":"add_permission"
    }
  },
  {
    "model":"auth.permission",
    "pk":6,
    "fields":{
      "name":"Can change permission",
      "content_type":2,
      "codename":"change_permission"
    }
  },
  {
    "model":"auth.permission",
    "pk":7,
    "fields":{
      "name":"Can delete permission",
      "content_type":2,
      "codename":"delete_permission"
    }
  },
  {
    "model":"auth.permission",
    "pk":8,
    "fields":{
      "name":"Can view permission",
      "content_type":2,
      "codename":"view_permission"
    }
  },
  {
    "model":"auth.permission",
    "pk":9,
    "fields":{
      "name":"Can add group",
      "content_type":3,
      "codename":"add_group"
    }
  },
  {
    "model":"auth.permission",
    "pk":10,
    "fields":{
      "name":"Can change group",
      "content_type":3,
      "codename":"change_group"
    }
  },
  {
    "model":"auth.permission",
    "pk":11,
    "fields":{
      "name":"Can delete group",
      "content_type":3,
      "codename":"delete_group"
    }
  },
  {
    "model":"auth.permission",
    "pk":12,
    "fields":{
      "name":"Can view group",
      "content_type":3,
      "codename":"view_group"
    }
  },
  {
    "model":"auth.permission",
    "pk":13,
    "fields":{
      "name":"Can add content type",
      "content_type":4,
      "codename":"add_contenttype"
    }
  },
  {
    "model":"auth.permission",
    "pk":14,
    "fields":{
      "name":"Can change content type",
      "content_type":4,
      "codename":"change_contenttype"
    }
  },
  {
    "model":"auth.permission",
    "pk":15,
    "fields":{
      "name":"Can delete content type",
      "content_type":4,
      "codename":"delete_contenttype"
    }
  },
  {
    "model":"auth.permission",
    "pk":16,
    "fields":{
      "name":"Can view content type",
      "content_type":4,
      "codename":"view_contenttype"
    }
  },
  {
    "model":"auth.permission",
    "pk":17,
    "fields":{
      "name":"Can add session",
      "content_type":5,
      "codename":"add_session"
    }
  },
  {
    "model":"auth.permission",
    "pk":18,
    "fields":{
      "name":"Can change session",
      "content_type":5,
      "codename":"change_session"
    }
  },
  {
    "model":"auth.permission",
    "pk":19,
    "fields":{
      "name":"Can delete session",
      "content_type":5,
      "codename":"delete_session"
    }
  },
  {
    "model":"auth.permission",
    "pk":20,
    "fields":{
      "name":"Can view session",
      "content_type":5,
      "codename":"view_session"
    }
  },
  {
    "model":"auth.permission",
    "pk":21,
    "fields":{
      "name":"Can add user",
      "content_type":6,
      "codename":"add_user"
    }
  },
  {
    "model":"auth.permission",
    "pk":22,
    "fields":{
      "name":"Can change user",
      "content_type":6,
      "codename":"change_user"
    }
  },
  {
    "model":"auth.permission",
    "pk":23,
    "fields":{
      "name":"Can delete user",
      "content_type":6,
      "codename":"delete_user"
    }
  },
  {
    "model":"auth.permission",
    "pk":24,
    "fields":{
      "name":"Can view user",
      "content_type":6,
      "codename":"view_user"
    }
  },
  {
    "model":"auth.permission",
    "pk":25,
    "fields":{
      "name":"Can add train type",
      "content_type":7,
      "codename":"add_traintype"
    }
  },
  {
    "model":"auth.permission",
    "pk":26,
    "fields":{
      "name":"Can change train type",
      "content_type":7,
      "codename":"change_traintype"
    }
  },
  {
    "model":"auth.permission",
    "pk":27,
    "fields":{
      "name":"Can delete train type",
      "content_type":7,
      "codename":"delete_traintype"
    }
  },
  {
    "model":"auth.permission",
    "pk":28,
    "fields":{
      "name":"Can view train type",
      "content_type":7,
      "codename":"view_traintype"
    }
  },
  {
    "model":"auth.permission",
    "pk":29,
    "fields":{
      "name":"Can add train",
      "content_type":8,
      "codename":"add_train"
    }
  },
  {
    "model":"auth.permission",
    "pk":30,
    "fields":{
      "name":"Can change train",
      "content_type":8,
      "codename":"change_train"
    }
  },
  {
    "model":"auth.permission",
    "pk":31,
    "fields":{
      "name":"Can delete train",
      "content_type":8,
      "codename":"delete_train"
    }
  },
  {
    "model":"auth.permission",
    "pk":32,
    "fields":{
      "name":"Can view train",
      "content_type":8,
      "codename":"view_train"
    }
  },
  {
    "model":"auth.permission",
    "pk":33,
    "fields":{
      "name":"Can add service",
      "content_type":9,
      "codename":"add_service"
    }
  },
  {
    "model":"auth.permission",
    "pk":34,
    "fields":{
      "name":"Can change service",
      "content_type":9,
      "codename":"change_service"
    }
  },
  {
    "model":"auth.permission",
    "pk":35,
    "fields":{
      "name":"Can delete service",
      "content_type":9,
      "codename":"delete_service"
    }
  },
  {
    "model":"auth.permission",
    "pk":36,
    "fields":{
      "name":"Can view service",
      "content_type":9,
      "codename":"view_service"
    }
  },
  {
    "model":"auth.permission",
    "pk":37,
    "fields":{
      "name":"Can add station",
      "content_type":10,
      "codename":"add_station"
    }
  },
  {
    "model":"auth.permission",
    "pk":38,
    "fields":{
      "name":"Can change station",
      "content_type":10,
      "codename":"change_station"
    }
  },
  {
    "model":"auth.permission",
    "pk":39,
    "fields":{
      "name":"Can delete station",
      "content_type":10,
      "codename":"delete_station"
    }
  },
  {
    "model":"auth.permission",
    "pk":40,
    "fields":{
      "name":"Can view station",
      "content_type":10,
      "codename":"view_station"
    }
  },
  {
    "model":"auth.permission",
    "pk":41,
    "fields":{
      "name":"Can add route",
      "content_type":11,
      "codename":"add_route"
    }
  },
  {
    "model":"auth.permission",
    "pk":42,
    "fields":{
      "name":"Can change route",
      "content_type":11,
      "codename":"change_route"
    }
  },
  {
    "model":"auth.permission",
    "pk":43,
    "fields":{
      "name":"Can delete route",
      "content_type":11,
      "codename":"delete_route"
    }
  },
  {
    "model":"auth.permission",
    "pk":44,
    "fields":{
      "name":"Can view route",
      "content_type":11,
      "codename":"view_route"
    }
  },
  {
    "model":"auth.permission",
    "pk":45,
    "fields":{
      "name":"Can add crew",
      "content_type":12,
      "codename":"add_crew"
    }
  },
  {
    "model":"auth.permission",
    "pk":46,
    "fields":{
      "name":"Can change crew",
      "content_type":12,
      "codename":"change_crew"
    }
  },
  {
    "model":"auth.permission",
    "pk":47,
    "fields":{
      "name":"Can delete crew",
      "content_type":12,
      "codename":"delete_crew"
    }
  },
  {
    "model":"auth.permission",
    "pk":48,
    "fields":{
      "name":"Can view crew",
      "content_type":12,
      "codename":"view_crew"
    }
  },
  {
    "model":"auth.permission",
    "pk":49,
    "fields":{
      "name":"Can add journey",
      "content_type":13,
      "codename":"add_journey"
    }
  },
  {
    "model":"auth.permission",
    "pk":50,
    "fields":{
      "name":"Can change journey",
      "content_type":13,
      "codename":"change_journey"
    }
  },
  {
    "model":"auth.permission",
    "pk":51,
    "fields":{
      "name":"Can delete journey",
      "content_type":13,
      "codename":"delete_journey"
    }
  },
  {
    "model":"auth.permission",
    "pk":52,
    "fields":{
      "name":"Can view journey",
      "content_type":13,
      "codename":"view_journey"
    }
  },
  {
    "model":"auth.permission",
    "pk":53,
    "fields":{
      "name":"Can add order",
      "content_type":14,
      "codename":"add_order"
    }
  },
  {
    "model":"auth.permission",
    "pk":54,
    "fields":{
      "name":"Can change order",
      "content_type":14,
      "codename":"change_order"
    }
  },
  {
    "model":"auth.permission",
    "pk":55,
    "fields":{
      "name":"Can delete order",
      "content_type":14,
      "codename":"delete_order"
    }
  },
  {
    "model":"auth.permission",
    "pk":56,
    "fields":{
      "name":"Can view order",
      "content_type":14,
      "codename":"view_order"
    }
  },
  {
    "model":"auth.permission",
    "pk":57,
    "fields":{
      "name":"Can add ticket",
      "content_type":15,
      "codename":"add_ticket"
    }
  },
  {
    "model":"auth.permission",
    "pk":58,
    "fields":{
      "name":"Can change ticket",
      "content_type":15,
      "codename":"change_ticket"
    }
  },
  {
    "model":"auth.permission",
    "pk":59,
    "fields":{
      "name":"Can delete ticket",
      "content_type":15,
      "codename":"delete_ticket"
    }
  },
  {
    "model":"auth.permission",
    "pk":60,
    "fields":{
      "name":"Can view ticket",
      "content_type":15,
      "codename":"view_ticket"
    }
  },
  {
    "model":"auth.permission",
    "pk":61,
    "fields":{
      "name":"Can add payment",
      "content_type":16,
      "codename":"add_payment"
    }
  },
  {
    "model":"auth.permission",
    "pk":62,
    "fields":{
      "name":"Can change payment",
      "content_type":16,
      "codename":"change_payment"
    }
  },
  {
    "model":"auth.permission",
    "pk":63,
    "fields":{
      "name":"Can delete payment",
      "content_type":16,
      "codename":"delete_payment"
    }
  },
  {
    "model":"auth.permission",
    "pk":64,
    "fields":{
      "name":"Can view payment",
      "content_type":16,
      "codename":"view_payment"
    }
  },
  {
    "model":"contenttypes.contenttype",
    "pk":1,
    "fields":{
      "app_label":"admin",
      "model":"logentry"
    }
  },
  {
    "model":"contenttypes.contenttype",
    "pk":2,
    "fields":{
      "app_label":"auth",
      "model":"permission"
    }
  },
  {
    "model":"contenttypes.contenttype",
    "pk":3,
    "fields":{
      "app_label":"auth",
      "model":"group"
    }
  },
  {
    "model":"contenttypes.contenttype",
    "pk":4,
    "fields":{
      "app_label":"contenttypes",
      "model":"contenttype"
    }
  },
  {
    "model":"contenttypes.contenttype",
    "pk":5,
    "fields":{
      "app_label":"sessions",
      "model":"session"
    }
  },
  {
    "model":"contenttypes.contenttype",
    "pk":6,
    "fields":{
      "app_label":"users",
      "model":"user"
    }
  },
  {
    "model":"contenttypes.contenttype",
    "pk":7,
    "fields":{
      "app_label":"trains",
      "model":"traintype"
    }
  },
  {
    "model":"contenttypes.contenttype",
    "pk":8,
    "fields":{
      "app_label":"trains",
      "model":"train"
    }
  },
  {
    "model":"contenttypes.contenttype",
    "pk":9,
    "fields":{
      "app_label":"trains",
      "model":"service"
    }
  },
  {
    "model":"contenttypes.contenttype",
    "pk":10,
    "fields":{
      "app_label":"routes",
      "model":"station"
    }
  },
  {
    "model":"contenttypes.contenttype",
    "pk":11,
    "fields":{
      "app_label":"routes",
      "model":"route"
    }
  },
  {
    "model":"contenttypes.contenttype",
    "pk":12,
    "fields":{
      "app_label":"journies",
      "model":"crew"
    }
  },
  {
    "model":"contenttypes.contenttype",
    "pk":13,
    "fields":{
      "app_label":"journies",
      "model":"journey"
    }
  },
  {
    "model":"contenttypes.contenttype",
    "pk":14,
    "fields":{
      "app_label":"orders",
      "model":"order"
    }
  },
  {
    "model":"contenttypes.contenttype",
    "pk":15,
    "fields":{
      "app_label":"orders",
      "model":"ticket"
    }
  },
  {
    "model":"contenttypes.contenttype",
    "pk":16,
    "fields":{
      "app_label":"payment",
      "model":"payment"
    }
  },
  {
    "model":"sessions.session",
    "pk":"20sb2c8zs0jd1kx07zu19jlu47yltxye",
    "fields":{
      "session_data":".eJxVjMEOwiAQRP-FsyFsgQIevfsNZGFXqRpISnsy_rtt0oPeJvPezFtEXJcS185znEicBYjTb5cwP7nugB5Y703mVpd5SnJX5EG7vDbi1-Vw_w4K9rKtB0SdDXln0ZAJIegtJjUqqyCBISRKLt80AY-D9UDOWYXE3oPSwQXx-QLV1jdH:1qdzvH:wXvRvmJVc4yszHRo5sLo0VxQ_JK77z531DENTQ9mZDA",
      "expire_date":"2023-09-20T21:18:51.454Z"
    }
  },
  {
    "model":"sessions.session",
    "pk":"8oc9kdjsb7z27pyg7uh6gx098y4jkmmi",
    "fields":{
      "session_data":".eJxVjMEOwiAQRP-FsyFsgQIevfsNZGFXqRpISnsy_rtt0oPeJvPezFtEXJcS185znEicBYjTb5cwP7nugB5Y703mVpd5SnJX5EG7vDbi1-Vw_w4K9rKtB0SdDXln0ZAJIegtJjUqqyCBISRKLt80AY-D9UDOWYXE3oPSwQXx-QLV1jdH:1qctBf:uLuGKLmqpN2fys6roOE7SXDnkZJMbDueIBMKAac0v7A",
      "expire_date":"2023-09-17T19:55:11.855Z"
    }
  },
  {
    "model":"users.user",
    "pk":1,
    "fields":{
      "password":"pbkdf2_sha256$600000$aKSz9Unw10npyNCpBqelkW$5AOhioTRrk46dwyiGVgCNOV7Xi53gOaXc+DOskXtTZc=",
      "last_login":"2023-09-06T21:18:51.452Z",
      "is_superuser":true,
      "first_name":"",
      "last_name":"",
      "is_staff":true,
      "is_active":true,
      "date_joined":"2023-09-03T19:55:06.154Z",
      "email":"trainadmin@admin.com",
      "groups":[],
      "user_permissions":[]
    }
  },
  {
    "model":"users.user",
    "pk":2,
    "fields":{
      "password":"pbkdf2_sha256$600000$ug1R9IjtzwASCcbWYV1weX$8mAqPjCrezQiLo2iV1mNGUHFv80yt3NnOF5f8cbXEm8=",
      "last_login":null,
      "is_superuser":false,
      "first_name":"Taras",
      "last_name":"Martyniuk",
      "is_staff":false,
      "is_active":true,
      "date_joined":"2023-09-08T21:54:55Z",
      "email":"bythewaters800@gmail.com",
      "groups":[],
      "user_permissions":[]
    }
  },
  {
    "model":"trains.service",
    "pk":1,
    "fields":{
      "name":"WC"
    }
  },
  {
    "model":"trains.service",
    "pk":2,
    "fields":{
      "name":"WIFI"
    }
  },
  {
    "model":"trains.service",
    "pk":3,
    "fields":{
      "name":"Air-conditioning"
    }
  },
  {
    "model":"trains.service",
    "pk":4,
    "fields":{
      "name":"Bistro carriage"
    }
  },
  {
    "model":"trains.service",
    "pk":5,
    "fields":{
      "name":"In-seat refreshment service"
    }
  },
  {
    "model":"trains.service",
    "pk":6,
    "fields":{
      "name":"230V electrical sockets"
    }
  },
  {
    "model":"trains.service",
    "pk":7,
    "fields":{
      "name":"An audio-visual information system"
    }
  },
  {
    "model":"trains.service",
    "pk":8,
    "fields":{
      "name":"A carriage suitable for transporting passengers using wheelchairs"
    }
  },
  {
    "model":"trains.service",
    "pk":9,
    "fields":{
      "name":"A quiet section"
    }
  },
  {
    "model":"trains.service",
    "pk":10,
    "fields":{
      "name":"transport of oversized luggage with required reservation of a space"
    }
  },
  {
    "model":"trains.service",
    "pk":11,
    "fields":{
      "name":"An on-board entertainment and information portal"
    }
  },
  {
    "model":"trains.service",
    "pk":12,
    "fields":{
      "name":"Bonus services in 1st and 2nd class"
    }
  },
  {
    "model":"trains.traintype",
    "pk":1,
    "fields":{
      "name":"SuperCity Pendolino",
      "max_speed":237,
      "services":[
        1,
        2,
        3,
        4,
        5,
        6,
        7,
        8,
        9,
        10,
        11,
        12
      ]
    }
  },
  {
    "model":"trains.traintype",
    "pk":2,
    "fields":{
      "name":"Railjet",
      "max_speed":200,
      "services":[
        1,
        2,
        3,
        4,
        5,
        6,
        7,
        11
      ]
    }
  },
  {
    "model":"trains.traintype",
    "pk":3,
    "fields":{
      "name":"InterCity",
      "max_speed":180,
      "services":[
        1,
        2,
        3,
        4,
        5,
        6,
        7,
        8
      ]
    }
  },
  {
    "model":"trains.traintype",
    "pk":4,
    "fields":{
      "name":"EuroCity",
      "max_speed":180,
      "services":[
        1,
        2,
        3,
        4,
        8,
        9,
        10,
        11
      ]
    }
  },
  {
    "model":"trains.traintype",
    "pk":5,
    "fields":{
      "name":"InterPanter",
      "max_speed":170,
      "services":[
        1,
        2,
        3,
        4,
        5,
        6,
        8,
        9,
        10
      ]
    }
  },
  {
    "model":"trains.train",
    "pk":1,
    "fields":{
      "name":"Ceske Budejovice #123",
      "cargo_num":10,
      "places_in_cargo":40,
      "train_type":1
    }
  },
  {
    "model":"trains.train",
    "pk":2,
    "fields":{
      "name":"Ceske Budejovice #111",
      "cargo_num":8,
      "places_in_cargo":30,
      "train_type":1
    }
  },
  {
    "model":"trains.train",
    "pk":3,
    "fields":{
      "name":"Praha #240",
      "cargo_num":5,
      "places_in_cargo":20,
      "train_type":1
    }
  },
  {
    "model":"trains.train",
    "pk":4,
    "fields":{
      "name":"Praha #340",
      "cargo_num":6,
      "places_in_cargo":30,
      "train_type":3
    }
  },
  {
    "model":"trains.train",
    "pk":5,
    "fields":{
      "name":"Praha #300",
      "cargo_num":10,
      "places_in_cargo":30,
      "train_type":2
    }
  },
  {
    "model":"trains.train",
    "pk":6,
    "fields":{
      "name":"Ceske Budejovice #400",
      "cargo_num":4,
      "places_in_cargo":23,
      "train_type":5
    }
  },
  {
    "model":"trains.train",
    "pk":7,
    "fields":{
      "name":"Vienna #230",
      "cargo_num":7,
      "places_in_cargo":20,
      "train_type":2
    }
  },
  {
    "model":"routes.station",
    "pk":2,
    "fields":{
      "name":"Ceske Budejovice",
      "coordinate":"SRID=4326;POINT (14.488287708503233 48.97437485822947)",
      "stop_time":15
    }
  },
  {
    "model":"routes.station",
    "pk":3,
    "fields":{
      "name":"Stare Hodejovice",
      "coordinate":"SRID=4326;POINT (14.502174219409165 48.94596806926235)",
      "stop_time":5
    }
  },
  {
    "model":"routes.station",
    "pk":4,
    "fields":{
      "name":"Gmund",
      "coordinate":"SRID=4326;POINT (14.987484990877926 48.764309641220144)",
      "stop_time":10
    }
  },
  {
    "model":"routes.station",
    "pk":5,
    "fields":{
      "name":"Český Krumlov",
      "coordinate":"SRID=4326;POINT (14.318231586056193 48.82272754999999)",
      "stop_time":5
    }
  },
  {
    "model":"routes.station",
    "pk":6,
    "fields":{
      "name":"Praha",
      "coordinate":"SRID=4326;POINT (14.42620255393778 50.077681764861744)",
      "stop_time":20
    }
  },
  {
    "model":"routes.station",
    "pk":7,
    "fields":{
      "name":"Vienna",
      "coordinate":"SRID=4326;POINT (16.35900531446897 48.236410433874475)",
      "stop_time":20
    }
  },
  {
    "model":"routes.station",
    "pk":8,
    "fields":{
      "name":"Brno",
      "coordinate":"SRID=4326;POINT (16.612886903047116 49.191106204280565)",
      "stop_time":15
    }
  },
  {
    "model":"routes.station",
    "pk":9,
    "fields":{
      "name":"Wroclaw",
      "coordinate":"SRID=4326;POINT (17.03742260636638 51.11451886696965)",
      "stop_time":10
    }
  },
  {
    "model":"routes.route",
    "pk":6,
    "fields":{
      "source":2,
      "destination":4,
      "stop_station":[
        3,
        5
      ]
    }
  },
  {
    "model":"routes.route",
    "pk":8,
    "fields":{
      "source":6,
      "destination":8,
      "stop_station":[
        2,
        3
      ]
    }
  },
  {
    "model":"routes.route",
    "pk":9,
    "fields":{
      "source":6,
      "destination":7,
      "stop_station":[
        2,
        3,
        5
      ]
    }
  },
  {
    "model":"routes.route",
    "pk":11,
    "fields":{
      "source":6,
      "destination":8,
      "stop_station":[]
    }
  },
  {
    "model":"routes.route",
    "pk":15,
    "fields":{
      "source":2,
      "destination":9,
      "stop_station":[
        8,
        6
      ]
    }
  },
  {
    "model":"routes.route",
    "pk":16,
    "fields":{
      "source":7,
      "destination":9,
      "stop_station":[
        8,
        2,
        4
      ]
    }
  },
  {
    "model":"journies.crew",
    "pk":1,
    "fields":{
      "first_name":"Mark",
      "last_name":"Stark",
      "position":"Mechanic"
    }
  },
  {
    "model":"journies.crew",
    "pk":3,
    "fields":{
      "first_name":"Walter",
      "last_name":"White",
      "position":"Driver"
    }
  },
  {
    "model":"journies.crew",
    "pk":5,
    "fields":{
      "first_name":"Jessy",
      "last_name":"Pinckman",
      "position":"Stuart"
    }
  },
  {
    "model":"journies.crew",
    "pk":6,
    "fields":{
      "first_name":"Gustavo",
      "last_name":"Frink",
      "position":"Ticket Collector"
    }
  },
  {
    "model":"journies.journey",
    "pk":9,
    "fields":{
      "route":6,
      "train":2,
      "departure_time":"2023-11-15T20:40:36Z",
      "arrival_time":"2023-11-15T21:25:43.205Z",
      "trip_price":7.0,
      "distance":92,
      "crew":[
        1
      ]
    }
  },
  {
    "model":"journies.journey",
    "pk":14,
    "fields":{
      "route":15,
      "train":6,
      "departure_time":"2024-02-21T20:31:25Z",
      "arrival_time":"2024-02-22T01:54:57.931Z",
      "trip_price":42.0,
      "distance":543,
      "crew":[
        1,
        6
      ]
    }
  },
  {
    "model":"journies.journey",
    "pk":16,
    "fields":{
      "route":8,
      "train":3,
      "departure_time":"2024-01-23T20:50:15Z",
      "arrival_time":"2024-01-23T23:14:06.429Z",
      "trip_price":42.0,
      "distance":326,
      "crew":[
        1,
        3,
        6
      ]
    }
  },
  {
    "model":"journies.journey",
    "pk":17,
    "fields":{
      "route":16,
      "train":7,
      "departure_time":"2024-02-08T20:50:38Z",
      "arrival_time":"2024-02-09T02:10:27.582Z",
      "trip_price":76.0,
      "distance":620,
      "crew":[
        1,
        3,
        5,
        6
      ]
    }
  }
]